"block","replicate","line","num.laying.F.early","female.fitness.early","female.fitness.late","num.F.late1","num.F.late2"
"B1","R-1","352",5,4,40,3,3
"B1","R-2","352",5,78,36,4,4
"B1","R-3","352",5,59,9,3,3
"B1","R-4","352",5,41,6,4,4
"B1","R-5","352",5,19,18,3,3
"B1","R-6","352",5,0,28,4,3
"C1","R-1","352",5,0,71,5,5
"C1","R-2","352",5,0,0,1,1
"C1","R-3","352",5,0,41,4,4
"C1","R-4","352",5,64,39,5,5
"C1","R-5","352",5,20,67,4,3
"C1","R-6","352",5,108,40,4,4
"A2","R-1","352",5,124,29,3,3
"A2","R-2","352",5,55,35,5,5
"A2","R-3","352",5,25,6,5,3
"A2","R-4","352",5,48,42,4,5
"A2","R-5","352",5,27,0,2,1
"A2","R-6","352",5,96,34,5,4
"B2","R-1","352",4,152,32,3,3
"B2","R-2","352",5,44,4,0,0
"B2","R-3","352",5,18,15,3,2
"B2","R-4","352",5,26,11,4,3
"B2","R-5","352",5,107,39,5,5
"B2","R-6","352",5,93,8,5,5
"C2","R-1","352",4,78,0,2,2
"C2","R-2","352",5,125,0,6,4
"C2","R-3","352",5,119,0,4,4
"C2","R-4","352",5,104,0,4,3
"C2","R-5","352",5,155,61,5,4
"C2","R-6","352",5,42,2,4,3
"A3","R-1","352",5,68,7,2,2
"A3","R-2","352",5,67,16,2,2
"A3","R-3","352",5,93,21,5,4
"A3","R-4","352",5,65,2,4,3
"A3","R-5","352",5,37,0,4,3
"A3","R-6","352",5,52,7,3,3
"B3","R-1","352",5,127,0,5,4
"B3","12-2","352",5,145,52,4,4
"B3","12-3","352",5,105,0,4,4
"B3","12-4","352",4,82,36,3,3
"B3","12-5","352",5,103,1,2,2
"B3","12-6","352",5,81,2,5,4
"C3","R-1","352",5,2,1,4,4
"C3","R-2","352",5,10,0,4,4
"C3","R-3","352",5,18,0,4,4
"C3","R-4","352",5,26,0,4,4
"C3","R-5","352",5,86,0,5,5
"C3","R-6","352",4,36,5,2,2
"A4","R-1","352",4,59,1,3,3
"A4","R-2","352",5,20,0,5,5
"A4","R-3","352",5,101,14,3,3
"A4","R-4","352",5,90,26,5,5
"A4","R-5","352",5,54,0,3,3
"A4","R-6","352",5,42,1,4,5
"C3","1-1","129",5,142,17,4,4
"C3","1-2","129",5,155,73,4,4
"C3","1-3","129",5,100,14,5,5
"C3","1-4","129",5,142,22,5,5
"C3","1-5","129",3,103,0,3,3
"C3","1-6","129",4,93,3,4,4
"A3","10-1","136",5,171,24,4,4
"A3","10-2","136",5,117,1,3,3
"A3","10-3","136",5,151,53,4,4
"A3","10-4","136",5,91,5,3,3
"A3","10-5","136",5,146,66,3,3
"A3","10-6","136",5,76,12,2,2
"C1","2-1","138",5,205,125,5,5
"C1","2-2","138",5,183,67,4,3
"C1","2-3","138",4,85,108,4,4
"C1","2-4","138",5,78,134,5,4
"C1","2-5","138",5,128,113,5,4
"C1","2-6","138",5,169,165,4,4
"A4","1-1","142",5,74,0,4,4
"A4","1-2","142",5,22,0,3,3
"A4","1-3","142",5,11,0,5,5
"A4","1-4","142",4,7,0,3,3
"A4","1-5","142",5,12,0,5,4
"A4","1-6","142",5,18,0,4,5
"C1","3-1","153",5,66,7,4,3
"C1","3-2","153",5,47,10,5,5
"C1","3-3","153",5,78,14,4,4
"C1","3-4","153",5,75,1,4,2
"C1","3-5","153",5,66,16,3,3
"C1","3-6","153",4,69,0,3,2
"C1","4-1","176",5,58,1,3,1
"C1","4-2","176",5,81,0,1,1
"C1","4-3","176",5,43,NA,0,0
"C1","4-4","176",5,57,1,3,2
"C1","4-5","176",5,88,1,2,2
"C1","4-6","176",4,29,0,2,2
"A3","1-1","181",5,114,0,1,1
"A3","1-2","181",5,66,NA,2,0
"A3","1-3","181",5,143,0,3,2
"A3","1-4","181",5,91,0,2,2
"A3","1-5","181",5,61,NA,1,0
"A3","1-6","181",5,133,0,1,1
"C3","7-1","195",5,100,0,4,4
"C3","7-2","195",5,85,1,2,2
"C3","7-3","195",5,108,7,2,2
"C3","7-4","195",4,31,0,4,3
"C3","7-5","195",5,124,2,5,4
"C3","7-6","195",4,72,0,2,2
"C2","3-1","208",5,152,0,4,4
"C2","3-2","208",5,214,47,5,5
"C2","3-3","208",5,174,1,5,3
"C2","3-4","208",4,194,1,3,3
"C2","3-5","208",4,165,0,4,4
"C2","3-6","208",5,0,0,0,0
"C2","1-1","21",4,175,0,2,1
"C2","1-2","21",5,148,0,5,4
"C2","1-3","21",5,143,0,4,3
"C2","1-4","21",5,130,0,2,2
"C2","1-5","21",5,94,0,3,3
"C2","1-6","21",0,0,0,0,0
"C1","5-1","217",5,134,4,5,5
"C1","5-2","217",5,150,28,3,3
"C1","5-3","217",5,118,2,5,3
"C1","5-4","217",5,100,27,3,3
"C1","5-5","217",5,85,32,2,3
"C1","5-6","217",5,116,6,5,3
"C2","4-1","228",5,183,3,5,4
"C2","4-2","228",5,193,1,4,3
"C2","4-3","228",5,213,4,4,3
"C2","4-4","228",5,168,0,4,1
"C2","4-5","228",5,179,0,4,3
"C2","4-6","228",5,186,3,5,5
"C1","10-1","229",5,34,26,4,4
"C1","10-2","229",5,0,59,4,4
"C1","10-3","229",5,84,48,4,4
"C1","10-4","229",5,76,27,1,1
"C1","10-5","229",4,76,10,4,5
"C1","10-6","229",4,90,8,3,NA
"C2","5-1","235",4,257,50,4,4
"C2","5-2","235",5,222,3,4,4
"C2","5-3","235",5,145,40,4,4
"C2","5-4","235",5,247,4,5,3
"C2","5-5","235",5,63,1,4,4
"C2","5-6","235",5,195,6,4,4
"C2","6-1","237",5,190,35,4,4
"C2","6-2","237",5,194,142,4,3
"C2","6-3","237",5,136,2,3,3
"C2","6-4","237",5,249,1,5,5
"C2","6-5","237",4,119,0,3,0
"C2","6-6","237",5,159,0,5,4
"C2","7-1","239",5,104,12,3,3
"C2","7-2","239",3,79,9,2,1
"C2","7-3","239",5,83,0,2,2
"C2","7-4","239",5,81,0,3,1
"C2","7-5","239",5,114,0,1,0
"C2","7-6","239",5,84,4,2,1
"C2","2-1","26",5,54,0,4,2
"C2","2-2","26",5,90,10,3,1
"C2","2-3","26",5,56,0,2,1
"C2","2-4","26",4,53,0,3,3
"C2","2-5","26",0,22,0,4,1
"C2","2-6","26",0,78,0,1,0
"C1","6-1","280",4,10,9,3,3
"C1","6-2","280",5,54,26,4,4
"C1","6-3","280",5,1,29,5,5
"C1","6-4","280",3,51,8,2,2
"C1","6-5","280",5,35,16,4,4
"C1","6-6","280",5,36,20,4,4
"C2","8-1","301",5,185,15,3,3
"C2","8-2","301",5,170,0,5,5
"C2","8-3","301",5,195,0,5,5
"C2","8-4","301",4,120,3,4,4
"C2","8-5","301",5,163,0,4,0
"C2","8-6","301",5,151,0,4,3
"B3","17-1","303",5,67,1,3,3
"B3","17-2","303",5,129,8,5,4
"B3","17-3","303",5,66,1,5,5
"B3","17-4","303",5,115,10,5,5
"B3","17-5","303",5,119,2,5,5
"B3","17-6","303",4,93,1,4,2
"C2","9-1","306",4,145,0,4,4
"C2","9-2","306",5,116,49,5,4
"C2","9-3","306",5,108,0,5,4
"C2","9-4","306",5,56,0,5,3
"C2","9-5","306",5,65,2,5,5
"C2","9-6","306",5,183,7,5,4
"C1","7-1","307",4,46,68,4,4
"C1","7-2","307",5,99,73,4,4
"C1","7-3","307",5,50,43,4,4
"C1","7-4","307",5,53,66,4,4
"C1","7-5","307",5,167,39,3,3
"C1","7-6","307",5,129,50,4,3
"C2","10-1","313",3,95,3,3,3
"C2","10-2","313",5,88,0,5,4
"C2","10-3","313",5,86,0,4,4
"C2","10-4","313",5,79,0,5,5
"C2","10-5","313",4,68,0,3,2
"C2","10-6","313",5,89,0,3,3
"B3","18-1","320",5,228,2,3,2
"B3","18-2","320",4,149,9,4,3
"B3","18-3","320",4,123,16,4,4
"B3","18-4","320",5,208,5,4,4
"B3","18-5","320",4,102,0,2,2
"B3","18-6","320",4,166,1,4,4
"A3","2-1","321",5,85,0,1,1
"A3","2-2","321",5,78,0,3,2
"A3","2-3","321",5,17,0,3,1
"A3","2-4","321",5,80,0,2,2
"A3","2-5","321",5,100,0,4,4
"A3","2-6","321",4,94,1,1,1
"C2","11-1","324",5,108,0,3,2
"C2","11-2","324",5,116,0,3,2
"C2","11-3","324",5,153,0,4,4
"C2","11-4","324",4,141,7,4,4
"C2","11-5","324",4,143,0,4,3
"C2","11-6","324",5,128,0,3,2
"A4","3-1","332",5,33,1,4,2
"A4","3-2","332",4,14,0,4,4
"A4","3-3","332",5,25,0,4,4
"A4","3-4","332",5,29,0,4,2
"A4","3-5","332",5,35,0,3,3
"A4","3-6","332",4,15,0,4,4
"A3","3-1","338",5,256,0,3,3
"A3","3-2","338",5,244,0,4,4
"A3","3-3","338",5,243,0,4,5
"A3","3-4","338",5,176,1,5,5
"A3","3-5","338",5,162,0,5,5
"A3","3-6","338",5,221,28,4,4
"A3","4-1","350",4,61,2,3,3
"A3","4-2","350",5,81,0,4,4
"A3","4-3","350",4,28,0,2,2
"A3","4-4","350",5,42,1,2,2
"A3","4-5","350",5,141,0,4,4
"A3","4-6","350",4,89,3,2,1
"C3","2-1","356",4,46,0,1,1
"C3","2-2","356",4,63,3,2,2
"C3","2-3","356",4,46,0,2,1
"C3","2-4","356",5,60,0,5,1
"C3","2-5","356",5,162,NA,0,0
"C3","2-6","356",5,87,5,3,2
"A4","2-1","357",5,49,6,3,3
"A4","2-2","357",5,122,0,1,1
"A4","2-3","357",5,108,0,2,2
"A4","2-4","357",5,116,7,1,1
"A4","2-5","357",4,87,13,1,1
"A4","2-6","357",5,99,13,1,1
"A2","2-1","360",2,36,29,2,2
"A2","2-2","360",4,53,39,4,3
"A2","2-3","360",5,69,7,5,4
"A2","2-4","360",5,114,6,3,4
"A2","2-5","360",5,94,40,5,5
"A2","2-6","360",4,82,28,4,3
"A2","3-1","361",5,58,36,3,3
"A2","3-2","361",5,97,30,4,4
"A2","3-3","361",4,76,16,5,5
"A2","3-4","361",4,91,21,2,2
"A2","3-5","361",5,87,19,4,4
"A2","3-6","361",3,46,0,3,1
"B3","16-1","361",5,110,1,1,1
"B3","16-2","361",5,99,1,3,3
"B3","16-3","361",5,52,11,2,2
"B3","16-4","361",5,92,0,5,4
"B3","16-5","361",5,85,7,4,4
"B3","16-6","361",4,39,1,3,3
"A4","4-1","362",4,70,0,2,2
"A4","4-2","362",5,68,0,5,4
"A4","4-3","362",5,74,1,3,3
"A4","4-4","362",4,81,0,3,2
"A4","4-5","362",5,84,0,3,3
"A4","4-6","362",5,66,0,4,4
"A3","5-1","367",4,135,0,3,2
"A3","5-2","367",5,139,0,3,2
"A3","5-3","367",4,152,0,3,2
"A3","5-4","367",4,136,0,3,2
"A3","5-5","367",5,141,0,3,3
"A3","5-6","367",5,190,0,5,4
"A2","4-1","370",2,45,3,3,1
"A2","4-2","370",5,96,12,4,4
"A2","4-3","370",5,34,0,2,2
"A2","4-4","370",5,75,0,4,1
"A2","4-5","370",4,47,0,4,4
"A2","4-6","370",5,68,1,5,4
"A4","10-1","371",4,8,0,2,2
"A4","10-2","371",5,97,12,5,5
"A4","10-3","371",5,88,1,5,5
"A4","10-4","371",5,86,0,4,4
"A4","10-5","371",5,110,1,5,5
"A4","10-6","371",5,92,NA,5,5
"C2","12-1","373",4,138,2,3,3
"C2","12-2","373",5,63,0,1,1
"C2","12-3","373",5,135,4,3,2
"C2","12-4","373",5,57,0,5,1
"C2","12-5","373",5,168,0,3,3
"C2","12-6","373",4,157,3,3,3
"C2","13-1","375",4,115,0,4,4
"C2","13-2","375",5,134,0,5,4
"C2","13-3","375",5,149,9,5,5
"C2","13-4","375",4,87,0,4,4
"C2","13-5","375",5,62,0,5,4
"C2","13-6","375",5,117,3,4,3
"C3","3-1","379",5,39,0,5,5
"C3","3-2","379",5,111,9,5,5
"C3","3-3","379",5,76,4,5,4
"C3","3-4","379",5,103,19,4,5
"C3","3-5","379",4,55,0,4,4
"C3","3-6","379",5,107,20,5,5
"A2","5-1","380",5,157,124,3,3
"A2","5-2","380",5,159,76,4,4
"A2","5-3","380",5,150,55,4,4
"A2","5-4","380",5,112,15,3,3
"A2","5-5","380",5,169,62,3,3
"A2","5-6","380",5,153,151,4,4
"B3","13-1","382",5,47,0,4,4
"B3","13-2","382",5,29,0,4,2
"B3","13-3","382",5,74,0,5,4
"B3","13-4","382",5,59,0,5,3
"B3","13-5","382",5,17,0,3,2
"B3","13-6","382",5,30,0,3,2
"A4","11-1","383",3,66,0,2,2
"A4","11-2","383",4,70,NA,0,0
"A4","11-3","383",5,69,NA,1,0
"A4","11-4","383",5,101,0,2,2
"A4","11-5","383",5,97,0,3,1
"A4","11-6","383",4,21,0,3,1
"A2","6-1","385",5,144,19,4,4
"A2","6-2","385",5,84,0,2,2
"A2","6-3","385",5,187,28,3,4
"A2","6-4","385",5,152,0,2,2
"A2","6-5","385",5,92,19,4,4
"A2","6-6","385",5,165,12,3,2
"A2","7-1","391",4,9,4,5,4
"A2","7-2","391",5,42,5,4,4
"A2","7-3","391",5,37,34,4,4
"A2","7-4","391",5,70,34,4,3
"A2","7-5","391",4,58,28,3,3
"A2","7-6","391",5,151,68,5,5
"C3","8-1","392",5,128,NA,0,0
"C3","8-2","392",5,85,3,1,1
"C3","8-3","392",5,137,NA,1,0
"C3","8-4","392",4,141,7,2,2
"C3","8-5","392",5,124,0,2,2
"C3","8-6","392",5,48,4,3,3
"A4","7-1","395",5,57,0,3,3
"A4","7-2","395",5,109,0,4,4
"A4","7-3","395",5,14,0,5,5
"A4","7-4","395",5,167,0,4,4
"A4","7-5","395",5,127,1,4,5
"A4","7-6","395",5,90,0,5,4
"C2","15-1","399",5,78,0,3,1
"C2","15-2","399",4,86,0,2,1
"C2","15-3","399",2,44,0,2,2
"C2","15-4","399",5,27,0,4,3
"C2","15-5","399",5,81,1,3,3
"C2","15-6","399",4,94,0,2,1
"C3","9-1","40",5,87,4,4,4
"C3","9-2","40",3,8,0,3,1
"C3","9-3","40",4,36,0,2,2
"C3","9-4","40",5,29,1,5,5
"C3","9-5","40",5,19,0,4,2
"C3","9-6","40",4,30,0,3,2
"C1","8-1","405",5,122,79,4,4
"C1","8-2","405",5,110,81,5,5
"C1","8-3","405",5,91,41,4,4
"C1","8-4","405",5,77,52,4,3
"C1","8-5","405",5,87,59,4,4
"C1","8-6","405",4,54,60,4,4
"C2","16-1","406",5,150,0,2,2
"C2","16-2","406",4,89,0,4,4
"C2","16-3","406",5,31,0,2,0
"C2","16-4","406",4,123,0,4,4
"C2","16-5","406",4,137,4,2,1
"C2","16-6","406",4,110,0,2,2
"B2","2-1","427",5,132,5,5,5
"B2","2-2","427",5,181,0,2,2
"B2","2-3","427",5,86,6,4,4
"B2","2-4","427",3,83,1,3,3
"B2","2-5","427",4,92,1,4,4
"B2","2-6","427",5,76,0,4,3
"A3","6-1","437",5,39,0,2,1
"A3","6-2","437",5,0,0,2,1
"A3","6-3","437",5,81,NA,0,NA
"A3","6-4","437",5,36,NA,0,NA
"A3","6-5","437",5,60,0,4,2
"A3","6-6","437",5,14,0,1,1
"A4","8-1","439",4,31,0,4,3
"A4","8-2","439",5,66,0,2,2
"A4","8-3","439",5,118,0,3,3
"A4","8-4","439",5,112,0,3,2
"A4","8-5","439",5,63,27,5,5
"A4","8-6","439",4,40,1,2,2
"C1","11-1","440",5,99,34,5,5
"C1","11-2","440",5,23,120,5,5
"C1","11-3","440",5,104,87,4,4
"C1","11-4","440",4,45,78,3,3
"C1","11-5","440",5,110,30,3,3
"C1","11-6","440",5,40,191,5,5
"C2","17-1","441",5,154,1,5,4
"C2","17-2","441",4,143,1,4,4
"C2","17-3","441",5,159,0,5,5
"C2","17-4","441",5,156,0,4,2
"C2","17-5","441",4,131,4,4,4
"C2","17-6","441",2,31,24,0,0
"A3","7-1","443",5,153,4,3,3
"A3","7-2","443",5,87,59,3,3
"A3","7-3","443",4,121,7,1,1
"A3","7-4","443",5,104,0,2,1
"A3","7-5","443",5,126,0,1,1
"A3","7-6","443",5,77,19,2,1
"C1","1-1","45",5,206,62,4,3
"C1","1-2","45",5,154,11,3,2
"C1","1-3","45",5,119,66,5,4
"C1","1-4","45",5,175,14,3,2
"C1","1-5","45",5,137,3,4,2
"C1","1-6","45",5,177,0,2,1
"C1","9-1","486",5,70,16,5,5
"C1","9-2","486",4,68,21,3,3
"C1","9-3","486",4,55,5,4,3
"C1","9-4","486",5,21,11,4,3
"C1","9-5","486",5,6,10,5,5
"C1","9-6","486",4,7,2,3,3
"A2","9-1","491",5,17,9,5,5
"A2","9-2","491",5,8,45,5,5
"A2","9-3","491",5,22,3,3,3
"A2","9-4","491",5,13,9,5,5
"A2","9-5","491",5,52,8,5,5
"A2","9-6","491",5,113,57,3,3
"A3","8-1","502",5,110,2,2,1
"A3","8-2","502",4,93,9,3,3
"A3","8-3","502",5,127,11,4,4
"A3","8-4","502",4,44,3,2,2
"A3","8-5","502",5,112,NA,0,NA
"A3","8-6","502",5,41,NA,0,NA
"C2","18-1","509",5,131,4,5,5
"C2","18-2","509",5,192,0,5,5
"C2","18-3","509",5,150,0,4,3
"C2","18-4","509",4,70,0,3,3
"C2","18-5","509",4,122,0,4,3
"C2","18-6","509",5,105,0,4,4
"B2","4-1","513",5,107,15,4,3
"B2","4-2","513",5,44,4,4,4
"B2","4-3","513",5,79,5,4,4
"B2","4-4","513",5,92,1,4,3
"B2","4-5","513",5,87,2,4,4
"B2","4-6","513",5,171,0,4,4
"B3","17-1","517",5,61,0,5,3
"B3","17-2","517",5,127,0,2,1
"B3","17-3","517",5,113,5,3,3
"B3","17-4","517",5,91,8,3,3
"B3","17-5","517",5,93,NA,3,3
"B3","17-6","517",5,76,0,NA,3
"C3","10-1","530",5,106,3,2,2
"C3","10-2","530",5,88,10,5,5
"C3","10-3","530",5,102,7,3,3
"C3","10-4","530",5,109,3,4,3
"C3","10-5","530",5,123,2,4,4
"C3","10-6","530",4,87,0,4,4
"B2","5-1","531",5,27,0,3,2
"B2","5-2","531",5,6,0,2,2
"B2","5-3","531",5,2,0,2,2
"B2","5-4","531",3,4,0,2,1
"B2","5-5","531",5,24,0,5,2
"B2","5-6","531",5,4,0,1,1
"A2","10-1","535",4,222,67,4,4
"A2","10-2","535",5,182,4,2,2
"A2","10-3","535",5,207,61,3,3
"A2","10-4","535",5,200,205,5,5
"A2","10-5","535",5,218,120,5,5
"A2","10-6","535",5,120,75,5,5
"C3","4-1","57",5,63,1,4,4
"C3","4-2","57",5,49,8,2,2
"C3","4-3","57",4,11,0,4,3
"C3","4-4","57",5,84,8,4,4
"C3","4-5","57",5,49,0,3,3
"C3","4-6","57",5,66,5,2,2
"B2","6-1","584",4,190,53,4,4
"B2","6-2","584",5,210,27,5,5
"B2","6-3","584",5,106,28,4,4
"B2","6-4","584",5,229,9,4,3
"B2","6-5","584",5,209,43,4,4
"B2","6-6","584",5,207,76,4,4
"C3","11-1","589",5,78,1,5,5
"C3","11-2","589",5,132,3,5,4
"C3","11-3","589",4,76,0,3,3
"C3","11-4","589",5,95,5,4,3
"C3","11-5","589",5,93,1,3,3
"C3","11-6","589",5,92,1,3,2
"A4","5-1","59",3,40,0,2,2
"A4","5-2","59",2,47,0,2,2
"A4","5-3","59",5,92,0,2,2
"A4","5-4","59",4,62,4,4,3
"A4","5-5","59",5,135,33,3,3
"A4","5-6","59",5,175,6,3,3
"C3","12-1","596",5,114,0,3,3
"C3","12-2","596",3,112,2,3,3
"C3","12-3","596",5,209,7,3,3
"C3","12-4","596",4,115,10,4,4
"C3","12-5","596",4,99,1,3,2
"C3","12-6","596",5,157,NA,2,2
"B1","7-1","703",5,88,3,5,3
"B1","Late emergents 7-2","703",5,102,5,4,4
"B1","7-3","703",5,117,6,3,2
"B1","7-4","703",5,61,NA,4,4
"B1","7-5","703",5,66,7,5,4
"B1","7-6","703",4,91,12,3,3
"A4","9-1","705",5,92,0,5,5
"A4","9-2","705",5,39,0,5,5
"A4","9-3","705",4,129,1,4,4
"A4","9-4","705",5,44,1,2,3
"A4","9-5","705",5,22,0,4,4
"A4","9-6","705",5,18,3,5,3
"A3","9-1","707",5,27,1,4,4
"A3","9-2","707",5,56,4,3,3
"A3","9-3","707",5,61,NA,1,0
"A3","9-4","707",5,63,9,5,5
"A3","9-5","707",5,43,5,2,2
"A3","9-6","707",5,57,1,3,3
"B2","7-1","712",5,341,44,4,3
"B2","7-2","712",4,269,40,3,3
"B2","7-3","712",5,186,19,4,4
"B2","7-4","712",5,127,48,4,4
"B2","7-5","712",5,137,64,3,2
"B2","7-6","712",5,273,197,5,5
"B2","8-1","716",5,101,0,3,3
"B2","8-2","716",5,33,0,2,1
"B2","8-3","716",5,19,0,3,2
"B2","8-4","716",4,6,0,2,NA
"B2","8-5","716",5,14,3,4,3
"B2","8-6","716",5,60,0,2,1
"B3","19-1","721",5,119,18,3,1
"B3","19-2","721",5,125,13,5,5
"B3","19-3","721",5,69,NA,4,0
"B3","19-4","721",5,122,35,5,4
"B3","19-5","721",5,47,0,2,1
"B3","19-6","721",5,66,0,5,3
"B1","1-1","732",5,87,29,5,4
"B1","1-2","732",5,9,76,5,5
"B1","1-3","732",5,25,20,2,1
"B1","1-4","732",5,106,29,2,2
"B1","1-5","732",5,63,19,5,4
"B1","1-6","732",5,33,58,4,3
"B3","21-1","738",5,301,3,4,4
"B3","21-2","738",5,233,3,3,3
"B3","21-3","738",5,273,35,4,4
"B3","21-4","738",5,236,1,5,5
"B3","21-5","738",5,235,68,5,5
"B3","21-6","738",4,198,3,3,3
"C3","13-1","748",5,170,NA,1,0
"C3","13-2","748",4,182,NA,0,0
"C3","13-3","748",5,156,29,2,2
"C3","13-4","748",5,149,2,1,1
"C3","13-5","748",5,184,4,1,0
"C3","13-6","748",5,193,2,1,1
"B2","1-1","75",5,148,9,4,3
"B2","1-2","75",5,113,NA,3,3
"B2","1-3","75",5,195,1,4,4
"B2","1-4","75",5,217,2,5,4
"B2","1-5","75",5,220,1,5,5
"B2","1-6","75",5,274,8,3,3
"B2","9-1","757",5,12,1,5,2
"B2","9-2","757",3,81,0,2,1
"B2","9-3","757",5,24,10,3,3
"B2","9-4","757",5,69,8,4,3
"B2","9-5","757",5,136,38,5,5
"B2","9-6","757",3,20,0,1,1
"B2","10-1","761",5,205,76,3,3
"B2","10-2","761",5,173,27,5,4
"B2","10-3","761",5,116,30,5,5
"B2","10-4","761",5,210,45,3,2
"B2","10-5","761",5,217,49,2,2
"B2","10-6","761",5,243,0,4,4
"B1","4-1","765",5,98,0,3,2
"B1","4-2","765",5,58,17,2,2
"B1","4-3","765",5,58,0,2,2
"B1","4-4","765",5,97,1,4,4
"B1","4-5","765",5,125,3,4,1
"B1","4-6","765",5,106,1,3,3
"B3","22-1","776",4,53,0,4,2
"B3","22-2","776",5,70,0,3,1
"B3","22-3","776",5,83,0,4,0
"B3","22-4","776",4,81,1,4,2
"B3","22-5","776",5,78,NA,4,1
"B3","22-6","776",5,103,0,4,1
"B1","3-1","783",5,119,21,1,1
"B1","3-2","783",5,135,64,2,2
"B1","3-3","783",5,142,43,2,2
"B1","3-4","783",5,88,7,3,2
"B1","3-5","783",5,101,48,4,3
"B1","3-6","783",5,153,64,4,4
"B1","6-1","787",5,72,0,5,4
"B1","6-2","787",5,128,27,5,4
"B1","6-3","787",5,14,0,4,2
"B1","6-4","787",4,57,2,1,1
"B1","6-5","787",5,25,14,3,2
"B1","6-6","787",5,108,26,3,2
"C3","14-1","790",5,22,NA,1,0
"C3","14-2","790",5,30,NA,4,0
"C3","14-3","790",5,59,NA,1,0
"C3","14-4","790",5,38,0,3,1
"C3","14-5","790",4,24,NA,3,0
"C3","14-6","790",4,63,1,1,0
"B3","20-1","796",5,123,0,2,2
"B3","20-2","796",5,90,21,3,4
"B3","20-3","796",5,120,0,2,1
"B3","20-4","796",5,125,4,3,1
"B3","20-5","796",5,115,8,4,4
"B3","20-6","796",5,104,11,4,4
"C3","5-1","801",5,93,0,2,2
"C3","5-2","801",5,174,0,2,2
"C3","5-3","801",5,121,0,4,3
"C3","5-4","801",5,175,0,4,3
"C3","5-5","801",5,117,11,3,3
"C3","5-6","801",5,144,0,3,2
"B1","5-1","802",5,157,69,4,4
"B1","5-2","802",5,173,31,5,4
"B1","5-3","802",4,114,89,3,3
"B1","5-4","802",5,97,58,5,5
"B1","5-5","802",5,153,162,4,4
"B1","5-6","802",5,131,36,4,4
"C3","6-1","804",5,58,NA,0,0
"C3","6-2","804",5,63,0,4,2
"C3","6-3","804",5,82,1,1,1
"C3","6-4","804",4,53,0,3,3
"C3","6-5","804",5,81,NA,0,0
"C3","6-6","804",5,137,0,4,1
"B3","19-1","805",5,128,5,4,3
"B3","19-2","805",5,117,7,3,3
"B3","19-3","805",5,136,4,4,4
"B3","19-4","805",5,160,4,4,4
"B3","19-5","805",5,124,0,4,4
"B3","19-6","805",5,143,19,4,4
"B1","2-1","808",5,35,85,5,4
"B1","2-2","808",5,70,19,5,5
"B1","2-3","808",5,83,27,4,4
"B1","2-4","808",5,80,70,3,4
"B1","2-5","808",5,70,40,4,4
"B1","2-6","808",5,45,45,4,4
"B3","14-1","810",4,52,NA,0,NA
"B3","14-2","810",5,80,1,2,2
"B3","14-3","810",4,112,NA,0,NA
"B3","14-4","810",5,100,0,2,1
"B3","14-5","810",5,154,21,2,2
"B3","14-6","810",5,127,0,1,1
"C3","15-1","820",5,141,13,1,1
"C3","15-2","820",5,239,14,1,1
"C3","15-3","820",5,138,NA,0,NA
"C3","15-4","820",5,175,27,4,3
"C3","15-5","820",5,168,24,3,3
"C3","15-6","820",5,183,20,3,3
"B3","20-1","821",5,112,0,4,4
"B3","20-2","821",5,78,0,2,2
"B3","20-3","821",5,146,24,4,4
"B3","20-4","821",5,91,41,4,4
"B3","20-5","821",5,43,4,5,5
"B3","20-6","821",5,129,29,4,4
"A4","6-1","832",5,78,NA,1,0
"A4","6-2","832",5,63,NA,0,0
"A4","6-3","832",5,60,0,2,1
"A4","6-4","832",5,105,0,3,2
"A4","6-5","832",5,22,0,4,3
"A4","6-6","832",5,33,2,0,0
"B2","11-1","837",5,97,33,5,5
"B2","11-2","837",5,87,29,5,4
"B2","11-3","837",5,84,39,5,4
"B2","11-4","837",5,64,19,3,3
"B2","11-5","837",5,29,4,2,2
"B2","11-6","837",4,65,NA,0,0
"B2","12-1","843",5,49,0,5,5
"B2","12-2","843",5,38,0,4,3
"B2","12-3","843",5,44,11,4,2
"B2","12-4","843",5,22,8,3,3
"B2","12-5","843",5,54,0,3,3
"B2","12-6","843",5,71,NA,0,0
"C3","16-1","850",5,113,2,3,3
"C3","16-2","850",5,124,0,2,2
"C3","16-3","850",5,113,0,3,3
"C3","16-4","850",5,83,1,3,3
"C3","16-5","850",5,106,0,3,3
"C3","16-6","850",5,105,5,5,5
"B3","16-1","852",5,66,2,5,5
"B3","16-2","852",5,118,60,4,4
"B3","16-3","852",5,69,3,4,4
"B3","16-4","852",5,100,2,4,5
"B3","16-5","852",5,101,20,4,3
"B3","16-6","852",5,125,3,5,5
"B2","13-1","853",5,192,98,5,5
"B2","13-2","853",5,105,104,5,4
"B2","13-3","853",5,173,42,4,3
"B2","13-4","853",4,95,64,3,0
"B2","13-5","853",5,142,78,4,4
"B2","13-6","853",5,169,161,4,4
"B3","18-1","859",5,85,0,5,3
"B3","18-2","859",4,89,0,3,3
"B3","18-3","859",5,166,7,4,2
"B3","18-4","859",5,171,3,5,5
"B3","18-5","859",5,154,16,4,4
"B3","18-6","859",5,123,2,4,4
"B2","14-1","879",5,100,0,5,5
"B2","14-2","879",5,125,21,4,5
"B2","14-3","879",5,123,6,4,4
"B2","14-4","879",5,78,NA,0,0
"B2","14-5","879",5,63,0,3,1
"B2","14-6","879",5,93,NA,0,0
"B1","8-1","882",5,69,0,5,4
"B1","8-2","882",5,118,0,4,4
"B1","8-3","882",5,11,0,5,5
"B1","8-4","882",5,86,0,5,5
"B1","8-5","882",5,51,0,4,3
"B1","8-6","882",NA,NA,0,3,3
"B3","14-1","882",5,94,0,5,5
"B3","14-2","882",5,77,0,2,5
"B3","14-3","882",5,101,0,5,3
"B3","14-4","882",5,70,0,3,1
"B3","14-5","882",3,61,0,3,1
"B3","14-6","882",5,98,0,4,2
"B3","15-1","897",5,56,0,4,2
"B3","15-2","897",5,70,0,3,2
"B3","15-3","897",5,90,0,4,2
"B3","15-4","897",5,72,NA,3,2
"B3","15-5","897",5,84,0,4,2
"B3","15-6","897",5,92,NA,4,0
"C3","17-1","900",5,174,50,5,4
"C3","17-2","900",5,236,52,5,5
"C3","17-3","900",5,165,18,5,5
"C3","17-4","900",5,141,10,3,3
"C3","17-5","900",5,144,23,5,5
"C3","17-6","900",5,140,134,5,5
"B2","16-1","907",5,108,21,3,3
"B2","16-2","907",5,212,2,3,2
"B2","16-3","907",5,142,100,5,5
"B2","16-4","907",5,177,16,2,2
"B2","16-5","907",4,69,NA,0,NA
"B2","16-6","907",5,143,61,4,4
"B3","21-1","908",5,83,0,2,2
"B3","21-2","908",5,54,0,4,3
"B3","21-3","908",4,90,0,4,4
"B3","21-4","908",5,90,12,4,4
"B3","21-5","908",5,138,31,4,4
"B3","21-6","908",5,100,0,2,2
"A3","11-1","91",5,45,0,4,4
"A3","11-2","91",4,74,0,3,3
"A3","11-3","91",5,50,1,5,5
"A3","11-4","91",5,83,0,4,4
"A3","11-5","91",5,62,0,4,4
"A3","11-6","91",5,61,0,3,3
"B2","17-1","913",5,298,194,5,5
"B2","17-2","913",5,126,116,5,5
"B2","17-3","913",5,248,40,3,3
"B2","17-4","913",4,198,89,4,4
"B2","17-5","913",5,124,67,4,4
"B2","17-6","913",5,232,193,5,5
"B3","13-1","93",4,133,3,4,4
"B3","13-2","93",5,171,54,4,4
"B3","13-3","93",5,173,10,5,5
"B3","13-4","93",4,160,35,4,3
"B3","13-5","93",5,195,12,4,4
"B3","13-6","93",5,195,13,5,5
