line,In(2L)t,In(2R)NS,In(2R)Y1,In(2R)Y2,In(2R)Y3,In(2R)Y4,In(2R)Y5,In(2R)Y6,In(2R)Y7,In(3L)P,In(3L)M,In(3L)Y,In(3R)P,In(3R)K,In(3R)Mo,In(3R)C
21,ST,ST,ST,ST,ST,ST,ST,ST,ST,ST,ST,ST,ST,ST,ST,ST
26,INV,ST,ST,ST,ST,ST,ST,ST,ST,ST,ST,ST,ST,ST,ST,ST
28,ST,INV,ST,ST,ST,ST,ST,ST,ST,ST,ST,ST,ST,ST,ST,ST
31,ST,ST,ST,ST,ST,ST,ST,ST,ST,homozygous,ST,ST,ST,homozygous,ST,ST
32,INV,ST,ST,ST,ST,ST,ST,ST,ST,ST,ST,ST,ST,ST,INV,ST
38,ST,ST,ST,ST,ST,ST,ST,ST,ST,ST,ST,ST,ST,homozygous,ST,ST
40,ST,ST,ST,ST,ST,ST,ST,ST,ST,ST,ST,ST,ST,ST,ST,ST
41,ST,ST,ST,ST,ST,ST,ST,ST,ST,ST,ST,ST,ST,ST,ST,ST
42,ST,ST,ST,ST,ST,ST,ST,ST,ST,ST,ST,ST,ST,ST,ST,ST
45,ST,ST,ST,ST,ST,ST,ST,ST,ST,ST,ST,ST,ST,ST,ST,ST
48,ST,ST,ST,ST,ST,ST,ST,ST,ST,ST,ST,ST,ST,homozygous,ST,ST
49,ST,ST,ST,ST,ST,ST,ST,ST,ST,ST,ST,ST,ST,ST,ST,ST
57,ST,ST,ST,ST,ST,ST,ST,ST,ST,ST,ST,ST,ST,ST,ST,ST
59,ST,ST,ST,ST,ST,ST,ST,ST,ST,ST,ST,ST,ST,ST,ST,ST
69,ST,INV,ST,ST,ST,ST,ST,ST,ST,ST,ST,homozygous,ST,ST,ST,ST
73,ST,ST,ST,ST,ST,ST,ST,ST,ST,ST,ST,ST,ST,ST,ST,ST
75,ST,ST,ST,ST,ST,ST,ST,ST,ST,ST,ST,ST,ST,ST,ST,ST
83,ST,ST,ST,ST,ST,ST,ST,ST,ST,ST,ST,ST,ST,ST,ST,ST
85,homozygous,ST,ST,ST,ST,ST,ST,ST,ST,ST,ST,ST,ST,ST,ST,ST
88,homozygous,ST,ST,ST,ST,ST,ST,ST,ST,ST,ST,ST,ST,ST,ST,ST
91,ST,ST,ST,ST,ST,ST,ST,ST,ST,ST,ST,ST,ST,ST,ST,ST
93,INV,ST,ST,ST,ST,ST,ST,ST,ST,ST,ST,ST,ST,ST,ST,ST
100,homozygous,ST,ST,ST,ST,ST,ST,ST,ST,ST,ST,ST,ST,INV,ST,ST
101,homozygous,ST,ST,ST,ST,ST,ST,ST,ST,ST,ST,ST,ST,ST,ST,ST
105,ST,ST,ST,ST,ST,ST,ST,ST,ST,ST,ST,ST,ST,INV,ST,ST
109,homozygous,ST,ST,ST,ST,ST,ST,ST,ST,ST,ST,ST,ST,ST,ST,ST
129,ST,ST,ST,ST,ST,ST,ST,ST,ST,ST,ST,ST,ST,ST,ST,ST
136,ST,ST,ST,ST,ST,ST,ST,ST,ST,homozygous,ST,ST,ST,homozygous,ST,ST
138,ST,ST,ST,ST,ST,ST,ST,ST,ST,ST,ST,ST,INV,ST,ST,ST
142,ST,ST,ST,ST,ST,ST,ST,ST,ST,ST,ST,ST,ST,ST,ST,ST
149,ST,ST,ST,ST,ST,ST,ST,ST,ST,ST,ST,ST,ST,ST,ST,ST
153,ST,ST,ST,ST,ST,ST,ST,ST,ST,ST,ST,ST,ST,ST,ST,ST
158,ST,ST,ST,ST,ST,ST,ST,ST,ST,ST,ST,ST,ST,ST,ST,ST
161,INV,ST,ST,ST,ST,ST,ST,ST,ST,ST,ST,ST,ST,ST,ST,ST
176,ST,ST,ST,ST,ST,ST,ST,ST,ST,ST,ST,ST,ST,ST,ST,ST
177,ST,ST,ST,ST,ST,ST,ST,ST,ST,ST,ST,ST,ST,ST,ST,ST
181,ST,ST,ST,ST,ST,ST,ST,ST,ST,ST,ST,ST,ST,ST,ST,ST
189,ST,ST,ST,ST,ST,ST,ST,ST,ST,ST,ST,ST,INV,ST,ST,ST
195,ST,ST,ST,ST,ST,ST,ST,ST,ST,ST,ST,ST,ST,ST,ST,ST
208,ST,ST,ST,ST,ST,ST,ST,ST,ST,ST,ST,ST,ST,ST,ST,ST
217,ST,ST,ST,ST,ST,ST,ST,ST,ST,ST,ST,ST,ST,ST,ST,ST
223,ST,ST,ST,ST,ST,ST,ST,ST,ST,ST,ST,ST,ST,ST,ST,ST
227,ST,ST,ST,ST,ST,ST,ST,ST,ST,ST,ST,ST,ST,ST,ST,ST
228,ST,ST,ST,ST,ST,ST,ST,ST,ST,ST,ST,ST,ST,ST,ST,ST
229,ST,ST,ST,ST,ST,ST,ST,ST,ST,ST,ST,ST,ST,ST,ST,ST
233,INV,ST,ST,ST,ST,ST,ST,ST,ST,ST,ST,ST,ST,ST,ST,ST
235,ST,ST,ST,ST,ST,ST,ST,ST,ST,ST,ST,ST,ST,ST,ST,ST
237,homozygous,homozygous,ST,ST,ST,ST,ST,ST,ST,ST,ST,ST,ST,ST,ST,ST
239,ST,ST,ST,ST,ST,ST,ST,ST,ST,ST,ST,ST,ST,ST,ST,ST
256,ST,ST,ST,ST,ST,ST,ST,ST,ST,ST,ST,ST,ST,ST,ST,ST
280,ST,ST,ST,ST,ST,ST,ST,ST,ST,ST,ST,ST,ST,ST,ST,ST
287,ST,ST,ST,ST,ST,ST,ST,ST,ST,ST,ST,ST,ST,ST,ST,ST
301,homozygous,ST,ST,ST,ST,ST,ST,ST,ST,ST,ST,ST,ST,ST,ST,ST
303,homozygous,homozygous,ST,ST,ST,ST,ST,ST,ST,ST,ST,ST,ST,ST,ST,ST
304,ST,INV,ST,ST,ST,ST,ST,ST,ST,ST,ST,ST,ST,ST,ST,ST
306,ST,ST,ST,ST,ST,ST,ST,ST,ST,ST,ST,ST,ST,ST,ST,ST
307,ST,ST,ST,ST,ST,ST,ST,ST,ST,ST,ST,ST,ST,ST,ST,ST
309,ST,ST,ST,ST,ST,ST,ST,ST,ST,ST,ST,ST,ST,homozygous,ST,ST
310,ST,ST,ST,ST,ST,ST,ST,ST,ST,ST,ST,ST,ST,ST,ST,ST
313,INV,ST,ST,ST,ST,ST,ST,ST,ST,ST,ST,ST,ST,ST,ST,ST
315,ST,ST,ST,ST,ST,ST,ST,ST,ST,ST,ST,ST,ST,ST,ST,ST
317,ST,ST,ST,ST,ST,ST,ST,ST,ST,ST,ST,ST,ST,ST,homozygous,ST
318,ST,ST,ST,ST,ST,ST,ST,ST,ST,ST,ST,ST,ST,ST,ST,ST
319,ST,ST,ST,ST,ST,ST,homozygous,ST,ST,ST,ST,ST,ST,ST,ST,ST
320,ST,ST,ST,ST,ST,ST,ST,ST,ST,ST,ST,ST,ST,ST,ST,ST
321,ST,ST,ST,ST,ST,ST,ST,ST,ST,ST,ST,ST,ST,ST,ST,ST
324,ST,ST,ST,ST,ST,ST,ST,ST,ST,ST,ST,ST,ST,ST,INV,ST
325,ST,ST,ST,ST,ST,ST,ST,homozygous,homozygous,ST,ST,ST,ST,ST,ST,ST
332,ST,ST,ST,ST,ST,ST,ST,ST,ST,ST,ST,ST,ST,ST,ST,ST
335,ST,ST,ST,ST,ST,ST,ST,ST,ST,ST,ST,ST,ST,ST,homozygous,ST
336,homozygous,homozygous,ST,ST,ST,ST,ST,ST,ST,ST,ST,ST,ST,ST,ST,ST
338,homozygous,homozygous,ST,ST,ST,ST,ST,ST,ST,ST,ST,ST,ST,ST,ST,ST
340,ST,ST,ST,ST,ST,ST,ST,ST,ST,ST,ST,ST,ST,ST,ST,ST
348,INV,ST,ST,ST,ST,ST,ST,ST,ST,ST,ST,ST,ST,ST,INV,ST
350,INV,ST,ST,ST,ST,ST,ST,ST,ST,ST,ST,ST,ST,ST,INV,ST
352,homozygous,ST,ST,ST,ST,ST,ST,ST,ST,ST,ST,ST,ST,ST,INV,ST
354,ST,ST,ST,ST,ST,ST,ST,ST,ST,ST,ST,ST,ST,ST,ST,ST
355,ST,ST,ST,ST,ST,ST,ST,ST,ST,ST,ST,ST,ST,ST,ST,ST
356,ST,ST,ST,ST,ST,ST,ST,ST,ST,ST,ST,ST,ST,ST,ST,ST
357,ST,ST,ST,ST,ST,ST,ST,ST,ST,ST,ST,ST,ST,ST,ST,ST
358,INV,ST,ST,ST,ST,ST,ST,ST,ST,ST,ST,ST,ST,ST,INV,ST
359,INV,ST,ST,ST,ST,ST,ST,ST,ST,ST,ST,ST,ST,ST,ST,ST
360,ST,ST,ST,ST,ST,ST,ST,ST,ST,ST,ST,ST,ST,ST,ST,ST
361,ST,ST,ST,ST,ST,ST,ST,ST,ST,ST,ST,ST,homozygous,ST,ST,ST
362,ST,ST,ST,ST,ST,ST,ST,ST,ST,ST,ST,ST,ST,ST,ST,ST
365,ST,ST,ST,ST,ST,ST,ST,ST,ST,ST,ST,ST,ST,ST,ST,ST
367,ST,ST,ST,ST,ST,ST,ST,ST,ST,ST,ST,ST,ST,ST,ST,ST
370,ST,ST,ST,ST,ST,ST,ST,ST,ST,ST,ST,ST,ST,ST,ST,ST
371,ST,ST,ST,ST,ST,ST,ST,ST,ST,ST,ST,ST,ST,ST,ST,ST
373,ST,ST,ST,ST,ST,ST,ST,ST,ST,ST,ST,ST,homozygous,ST,ST,ST
374,ST,ST,ST,ST,ST,ST,ST,ST,ST,ST,ST,ST,ST,ST,INV,ST
375,ST,ST,ST,ST,ST,ST,ST,ST,ST,ST,ST,ST,ST,ST,ST,ST
377,homozygous,homozygous,ST,homozygous,ST,ST,ST,ST,ST,ST,ST,ST,ST,ST,ST,ST
379,ST,ST,ST,ST,ST,ST,ST,ST,ST,ST,ST,ST,ST,ST,ST,ST
380,ST,ST,ST,ST,ST,ST,ST,ST,ST,ST,ST,ST,ST,ST,ST,ST
381,homozygous,ST,ST,ST,ST,ST,ST,ST,ST,ST,ST,ST,ST,ST,ST,ST
382,ST,ST,ST,ST,ST,ST,ST,ST,ST,ST,ST,ST,ST,ST,ST,ST
383,INV,ST,ST,ST,ST,ST,ST,ST,ST,ST,ST,ST,ST,ST,ST,ST
385,ST,ST,ST,ST,ST,ST,ST,ST,ST,ST,ST,ST,ST,ST,ST,ST
386,INV,ST,ST,ST,ST,ST,ST,ST,ST,ST,ST,ST,ST,ST,ST,ST
390,INV,ST,ST,ST,ST,ST,ST,ST,ST,ST,ST,ST,ST,ST,homozygous,ST
391,ST,ST,ST,ST,ST,ST,ST,ST,ST,ST,ST,ST,ST,ST,ST,ST
392,ST,ST,ST,ST,ST,ST,ST,ST,ST,ST,ST,ST,ST,ST,ST,ST
395,ST,ST,ST,ST,ST,ST,ST,ST,ST,ST,ST,ST,ST,ST,ST,ST
397,ST,ST,ST,ST,ST,ST,ST,ST,ST,ST,ST,ST,homozygous,ST,ST,ST
399,ST,ST,ST,ST,ST,ST,ST,ST,ST,ST,ST,ST,ST,ST,ST,ST
405,homozygous,ST,ST,ST,ST,ST,ST,ST,ST,ST,ST,ST,ST,ST,ST,ST
406,INV,ST,ST,ST,ST,ST,ST,ST,ST,ST,ST,ST,ST,ST,ST,ST
409,ST,INV,ST,ST,ST,ST,ST,ST,ST,ST,ST,ST,ST,ST,INV,ST
426,homozygous,homozygous,ST,ST,ST,ST,ST,ST,ST,INV,ST,ST,ST,ST,ST,ST
427,ST,ST,ST,ST,ST,ST,ST,ST,ST,ST,ST,ST,ST,ST,ST,ST
437,ST,ST,ST,ST,ST,ST,ST,ST,ST,ST,ST,ST,ST,ST,INV,ST
439,ST,ST,ST,ST,ST,ST,ST,ST,ST,ST,ST,ST,ST,ST,ST,ST
440,ST,ST,ST,ST,ST,ST,ST,ST,ST,ST,ST,ST,ST,homozygous,ST,ST
441,ST,ST,ST,ST,ST,ST,ST,ST,ST,ST,ST,ST,ST,ST,ST,ST
443,homozygous,ST,ST,ST,ST,ST,ST,ST,ST,ST,ST,ST,ST,ST,ST,ST
461,ST,ST,ST,ST,ST,ST,ST,ST,ST,ST,ST,ST,ST,ST,ST,ST
486,ST,ST,ST,ST,ST,ST,ST,ST,ST,ST,ST,ST,ST,ST,ST,ST
491,ST,ST,ST,ST,ST,ST,ST,ST,ST,ST,ST,ST,ST,ST,ST,ST
492,homozygous,ST,ST,ST,ST,ST,ST,ST,ST,ST,ST,ST,ST,ST,homozygous,ST
502,homozygous,ST,ST,ST,ST,ST,ST,ST,ST,ST,ST,ST,ST,ST,ST,ST
505,ST,ST,ST,ST,ST,ST,ST,ST,ST,ST,ST,ST,ST,ST,ST,ST
508,ST,ST,ST,ST,ST,ST,ST,ST,ST,ST,ST,ST,ST,ST,ST,ST
509,ST,ST,ST,ST,ST,ST,ST,ST,ST,ST,ST,ST,ST,ST,ST,ST
513,ST,ST,ST,ST,ST,ST,ST,ST,ST,ST,ST,ST,ST,ST,ST,ST
517,ST,ST,ST,ST,ST,ST,ST,ST,ST,ST,ST,ST,ST,ST,ST,ST
528,homozygous,homozygous,ST,ST,homozygous,homozygous,ST,ST,ST,ST,ST,ST,ST,ST,ST,ST
530,ST,ST,ST,ST,ST,ST,ST,ST,ST,ST,ST,ST,ST,ST,ST,ST
531,ST,ST,ST,ST,ST,ST,ST,ST,ST,ST,ST,ST,ST,ST,ST,ST
535,ST,ST,ST,ST,ST,ST,ST,ST,ST,ST,ST,ST,ST,ST,ST,ST
551,ST,ST,ST,ST,ST,ST,ST,ST,ST,ST,ST,ST,ST,ST,homozygous,ST
555,ST,ST,ST,ST,ST,ST,ST,ST,ST,ST,ST,ST,ST,ST,INV,ST
559,ST,ST,ST,ST,ST,ST,ST,ST,ST,ST,ST,ST,ST,homozygous,homozygous,ST
563,homozygous,homozygous,ST,ST,ST,ST,ST,ST,ST,ST,ST,ST,ST,ST,ST,ST
566,ST,ST,ST,ST,ST,ST,ST,ST,ST,ST,ST,ST,ST,ST,homozygous,homozygous
584,INV,ST,ST,ST,ST,ST,ST,ST,ST,ST,ST,ST,ST,ST,ST,ST
589,ST,ST,ST,ST,ST,ST,ST,ST,ST,ST,ST,ST,ST,ST,ST,ST
595,homozygous,ST,ST,ST,ST,ST,ST,ST,ST,ST,ST,ST,ST,ST,ST,ST
596,ST,ST,ST,ST,ST,ST,ST,ST,ST,ST,ST,ST,ST,ST,ST,ST
627,INV,ST,ST,ST,ST,ST,ST,ST,ST,ST,ST,ST,ST,ST,ST,ST
630,INV,ST,ST,ST,ST,ST,ST,ST,ST,ST,ST,ST,homozygous,ST,ST,ST
634,ST,ST,ST,ST,ST,ST,ST,ST,ST,ST,ST,ST,homozygous,ST,ST,ST
639,ST,ST,ST,ST,ST,ST,ST,ST,ST,ST,ST,ST,ST,ST,ST,ST
642,ST,INV,ST,ST,ST,ST,ST,ST,ST,ST,ST,ST,ST,ST,ST,ST
646,ST,ST,ST,ST,ST,ST,ST,ST,ST,ST,ST,ST,ST,INV,ST,ST
703,ST,ST,ST,ST,ST,ST,ST,ST,ST,ST,ST,ST,ST,ST,ST,ST
705,ST,ST,ST,ST,ST,ST,ST,ST,ST,ST,ST,ST,ST,ST,ST,ST
707,ST,ST,ST,ST,ST,ST,ST,ST,ST,ST,ST,ST,ST,ST,INV,ST
712,ST,ST,ST,ST,ST,ST,ST,ST,ST,ST,ST,ST,ST,ST,INV,ST
714,ST,ST,ST,ST,ST,ST,ST,ST,ST,ST,ST,ST,ST,ST,INV,ST
716,ST,ST,ST,ST,ST,ST,ST,ST,ST,ST,ST,ST,ST,ST,ST,ST
721,ST,ST,ST,ST,ST,ST,ST,ST,ST,INV,ST,ST,ST,ST,ST,ST
727,ST,ST,ST,ST,ST,ST,ST,ST,ST,ST,ST,ST,ST,ST,ST,ST
730,ST,ST,ST,ST,ST,ST,ST,ST,ST,ST,ST,ST,ST,ST,ST,ST
732,ST,ST,ST,ST,ST,ST,ST,ST,ST,ST,ST,ST,ST,homozygous,ST,ST
737,ST,ST,ST,ST,ST,ST,ST,ST,ST,ST,ST,ST,ST,ST,ST,ST
738,ST,ST,ST,ST,ST,ST,ST,ST,ST,ST,ST,ST,ST,ST,homozygous,ST
748,INV,ST,ST,ST,ST,ST,ST,ST,ST,ST,ST,ST,ST,ST,ST,ST
757,ST,ST,ST,ST,ST,ST,ST,ST,ST,ST,ST,ST,ST,ST,ST,ST
761,ST,ST,ST,ST,ST,ST,ST,ST,ST,ST,ST,ST,ST,ST,ST,ST
765,ST,ST,ST,ST,ST,ST,ST,ST,ST,ST,ST,ST,ST,ST,ST,ST
774,ST,ST,ST,ST,ST,ST,ST,ST,ST,ST,ST,ST,ST,ST,ST,ST
776,ST,ST,ST,ST,ST,ST,ST,ST,ST,ST,ST,ST,INV,ST,ST,ST
783,ST,ST,ST,ST,ST,ST,ST,ST,ST,ST,ST,ST,ST,ST,ST,ST
786,ST,ST,ST,ST,ST,ST,ST,ST,ST,ST,ST,ST,INV,ST,ST,ST
787,ST,ST,ST,ST,ST,ST,ST,ST,ST,ST,ST,ST,ST,ST,ST,ST
790,ST,ST,ST,ST,ST,ST,ST,ST,ST,ST,ST,ST,ST,ST,ST,ST
796,ST,ST,ST,ST,ST,ST,ST,ST,ST,ST,ST,ST,ST,ST,ST,ST
799,ST,ST,ST,ST,ST,ST,ST,ST,ST,ST,ST,ST,ST,ST,ST,ST
801,ST,ST,ST,ST,ST,ST,ST,ST,ST,ST,ST,ST,ST,ST,ST,ST
802,homozygous,ST,ST,ST,ST,ST,ST,ST,ST,ST,ST,ST,ST,homozygous,ST,ST
804,ST,ST,ST,ST,ST,ST,ST,ST,ST,ST,ST,ST,ST,ST,ST,ST
805,ST,ST,ST,ST,ST,ST,ST,ST,ST,ST,ST,ST,ST,ST,ST,ST
808,ST,ST,ST,ST,ST,ST,ST,ST,ST,ST,ST,ST,ST,ST,ST,ST
810,ST,ST,ST,ST,ST,ST,ST,ST,ST,ST,ST,ST,ST,ST,INV,ST
812,homozygous,INV,ST,ST,ST,ST,ST,ST,ST,ST,ST,ST,ST,ST,ST,ST
818,ST,ST,ST,ST,ST,ST,ST,ST,ST,ST,ST,ST,ST,ST,ST,ST
819,ST,ST,ST,ST,ST,ST,ST,ST,ST,ST,ST,ST,ST,ST,ST,ST
820,ST,ST,ST,ST,ST,ST,ST,ST,ST,ST,ST,ST,ST,ST,INV,ST
821,ST,homozygous,ST,ST,ST,ST,ST,ST,ST,ST,ST,ST,ST,ST,ST,ST
822,ST,ST,ST,ST,ST,ST,ST,ST,ST,ST,ST,ST,ST,ST,ST,ST
832,ST,ST,ST,ST,ST,ST,ST,ST,ST,ST,ST,ST,ST,ST,ST,ST
837,INV,ST,ST,ST,ST,ST,ST,ST,ST,ST,ST,ST,ST,ST,ST,ST
843,ST,ST,ST,ST,ST,ST,ST,ST,ST,ST,ST,ST,ST,ST,ST,ST
849,homozygous,ST,ST,ST,ST,ST,ST,ST,ST,ST,ST,ST,ST,ST,ST,ST
850,ST,ST,ST,ST,ST,ST,ST,ST,ST,ST,ST,ST,ST,ST,ST,ST
852,ST,INV,ST,ST,ST,ST,ST,ST,ST,ST,ST,ST,ST,ST,ST,ST
853,ST,ST,ST,ST,ST,ST,ST,ST,ST,ST,ST,ST,ST,ST,ST,ST
855,ST,ST,ST,ST,ST,ST,ST,ST,ST,ST,ST,ST,ST,ST,homozygous,ST
857,ST,homozygous,homozygous,ST,ST,ST,ST,ST,ST,ST,ST,ST,ST,ST,ST,ST
859,ST,ST,ST,ST,ST,ST,ST,ST,ST,ST,ST,ST,ST,ST,ST,ST
861,ST,ST,ST,ST,ST,ST,ST,ST,ST,ST,ST,ST,ST,ST,INV,ST
879,ST,ST,ST,ST,ST,ST,ST,ST,ST,ST,ST,ST,ST,ST,ST,ST
882,ST,ST,ST,ST,ST,ST,ST,ST,ST,ST,ST,ST,ST,ST,ST,ST
884,ST,ST,ST,ST,ST,ST,ST,ST,ST,ST,ST,ST,homozygous,ST,ST,ST
887,ST,ST,ST,ST,ST,ST,ST,ST,ST,ST,ST,ST,ST,ST,ST,ST
890,ST,ST,ST,ST,ST,ST,ST,ST,ST,ST,ST,ST,ST,ST,ST,ST
892,ST,ST,ST,ST,ST,ST,ST,ST,ST,ST,ST,ST,ST,ST,ST,ST
894,homozygous,ST,ST,ST,ST,ST,ST,ST,ST,ST,ST,ST,ST,ST,ST,ST
897,ST,ST,ST,ST,ST,ST,ST,ST,ST,ST,ST,ST,ST,ST,ST,ST
900,ST,ST,ST,ST,ST,ST,ST,ST,ST,ST,ST,ST,ST,ST,ST,ST
907,ST,ST,ST,ST,ST,ST,ST,ST,ST,ST,ST,ST,ST,ST,ST,homozygous
908,ST,ST,ST,ST,ST,ST,ST,ST,ST,ST,ST,ST,ST,ST,INV,ST
911,ST,ST,ST,ST,ST,ST,ST,ST,ST,ST,ST,ST,ST,ST,ST,ST
913,ST,ST,ST,ST,ST,ST,ST,ST,ST,ST,homozygous,ST,ST,homozygous,ST,ST