"block","line","early.male.rival","early.male.focal","late.male.rival","late.male.focal","num.GFP.males","vial.ID"
"C2","line_21",104,58,33,32,8,"M_C2_1-1_21"
"C2","line_21",26,13,32,10,7,"M_C2_1-2_21"
"C2","line_21",74,7,50,0,5,"M_C2_1-3_21"
"C2","line_21",48,38,2,18,9,"M_C2_1-4_21"
"C2","line_21",72,32,2,0,7,"M_C2_1-5_21"
"C2","line_21",69,61,0,0,7,"M_C2_1-6_21"
"C2","line_26",94,2,50,0,6,"M_C2_2-1_26"
"C2","line_26",81,28,50,0,7,"M_C2_2-2_26"
"C2","line_26",85,83,50,0,7,"M_C2_2-3_26"
"C2","line_26",111,20,50,0,6,"M_C2_2-4_26"
"C2","line_26",77,54,17,0,6,"M_C2_2-5_26"
"C2","line_26",84,19,50,0,7,"M_C2_2-6_26"
"C3","line_40",24,47,27,37,5,"M_C3_9-1_40"
"C3","line_40",7,18,3,2,5,"M_C3_9-2_40"
"C3","line_40",20,17,7,0,9,"M_C3_9-3_40"
"C3","line_40",9,27,23,5,5,"M_C3_9-4_40"
"C3","line_40",10,27,35,23,5,"M_C3_9-5_40"
"C3","line_40",5,32,2,0,9,"M_C3_9-6_40"
"C1","line_45",89,72,63,2,9,"M_C1_1-1_45"
"C1","line_45",92,119,52,12,9,"M_C1_1-2_45"
"C1","line_45",115,83,90,5,7,"M_C1_1-3_45"
"C1","line_45",72,113,86,0,10,"M_C1_1-4_45"
"C1","line_45",47,146,52,4,10,"M_C1_1-5_45"
"C1","line_45",42,169,28,4,8,"M_C1_1-6_45"
"C3","line_57",24,36,37,7,8,"M_C3_4-1_57"
"C3","line_57",29,41,11,17,3,"M_C3_4-2_57"
"C3","line_57",28,40,13,0,5,"M_C3_4-3_57"
"C3","line_57",8,14,8,34,5,"M_C3_4-4_57"
"C3","line_57",20,15,0,0,7,"M_C3_4-5_57"
"C3","line_57",17,39,8,5,6,"M_C3_4-6_57"
"A4","line_59",15,66,0,7,9,"M_A4_5-1_59"
"A4","line_59",17,31,1,16,5,"M_A4_5-2_59"
"A4","line_59",19,25,3,2,8,"M_A4_5-3_59"
"A4","line_59",7,25,9,14,8,"M_A4_5-4_59"
"A4","line_59",11,50,5,10,7,"M_A4_5-5_59"
"A4","line_59",6,20,50,0,8,"M_A4_5-6_59"
"B2","line_75",174,69,66,43,7,"M_B2_1-1_75"
"B2","line_75",43,74,118,113,8,"M_B2_1-2_75"
"B2","line_75",40,90,28,83,7,"M_B2_1-3_75"
"B2","line_75",51,101,64,53,9,"M_B2_1-4_75"
"B2","line_75",73,108,50,0,3,"M_B2_1-5_75"
"B2","line_75",123,64,56,5,6,"M_B2_1-6_75"
"A3","line_91",77,14,50,0,6,"M_A3_11-1_91"
"A3","line_91",45,43,50,0,4,"M_A3_11-2_91"
"A3","line_91",54,38,50,0,5,"M_A3_11-3_91"
"A3","line_91",80,39,24,39,6,"M_A3_11-4_91"
"A3","line_91",44,28,29,3,3,"M_A3_11-5_91"
"A3","line_91",18,58,37,35,7,"M_A3_11-6_91"
"B3","line_93",19,62,2,4,9,"M_B3_13-1_93"
"B3","line_93",52,143,3,6,1,"M_B3_13-2_93"
"B3","line_93",25,33,10,17,8,"M_B3_13-3_93"
"B3","line_93",4,50,2,15,8,"M_B3_13-4_93"
"B3","line_93",21,26,3,3,8,"M_B3_13-5_93"
"B3","line_93",31,23,26,12,9,"M_B3_13-6_93"
"C3","line_129",9,14,0,3,6,"M_C3_1-1_129"
"C3","line_129",30,46,0,34,8,"M_C3_1-2_129"
"C3","line_129",11,8,0,13,7,"M_C3_1-3_129"
"C3","line_129",6,11,4,28,7,"M_C3_1-4_129"
"C3","line_129",6,34,19,11,7,"M_C3_1-5_129"
"C3","line_129",5,43,4,29,5,"M_C3_1-6_129"
"A3","line_136",28,52,44,18,9,"M_A3_10-1_136"
"A3","line_136",50,44,33,55,3,"M_A3_10-2_136"
"A3","line_136",55,36,7,48,4,"M_A3_10-3_136"
"A3","line_136",38,52,43,27,5,"M_A3_10-4_136"
"A3","line_136",80,47,19,39,3,"M_A3_10-5_136"
"A3","line_136",46,30,100,30,4,"M_A3_10-6_136"
"C1","line_138",5,197,0,120,7,"M_C1_2-1_138"
"C1","line_138",4,173,50,33,8,"M_C1_2-2_138"
"C1","line_138",19,169,42,46,9,"M_C1_2-3_138"
"C1","line_138",39,191,68,103,8,"M_C1_2-4_138"
"C1","line_138",27,196,38,55,8,"M_C1_2-5_138"
"C1","line_138",19,158,16,28,9,"M_C1_2-6_138"
"A4","line_142",16,115,2,9,2,"M_A4_1-1_142"
"A4","line_142",46,36,10,0,6,"M_A4_1-2_142"
"A4","line_142",54,29,14,5,5,"M_A4_1-3_142"
"A4","line_142",33,27,37,2,13,"M_A4_1-4_142"
"A4","line_142",16,25,0,0,1,"M_A4_1-5_142"
"A4","line_142",21,25,28,2,7,"M_A4_1-6_142"
"C1","line_153",77,177,21,54,8,"M_C1_3-1_153"
"C1","line_153",30,131,8,74,8,"M_C1_3-2_153"
"C1","line_153",62,115,78,11,9,"M_C1_3-3_153"
"C1","line_153",84,87,50,0,6,"M_C1_3-4_153"
"C1","line_153",56,111,13,32,9,"M_C1_3-5_153"
"C1","line_153",69,110,33,31,10,"M_C1_3-6_153"
"C1","line_176",117,64,48,20,7,"M_C1_4-1_176"
"C1","line_176",43,105,50,0,5,"M_C1_4-2_176"
"C1","line_176",79,26,42,1,9,"M_C1_4-3_176"
"C1","line_176",104,78,50,0,10,"M_C1_4-4_176"
"C1","line_176",116,59,50,0,7,"M_C1_4-5_176"
"C1","line_176",116,101,50,0,7,"M_C1_4-6_176"
"A3","line_181",94,143,38,9,6,"M_A3_1-1_181"
"A3","line_181",55,26,0,0,2,"M_A3_1-2_181"
"A3","line_181",41,18,33,5,3,"M_A3_1-3_181"
"A3","line_181",51,29,50,0,8,"M_A3_1-4_181"
"A3","line_181",78,49,50,0,6,"M_A3_1-5_181"
"A3","line_181",58,27,1,0,7,"M_A3_1-6_181"
"C3","line_195",27,12,9,27,8,"M_C3_7-1_195"
"C3","line_195",30,28,21,13,3,"M_C3_7-2_195"
"C3","line_195",33,19,0,4,3,"M_C3_7-3_195"
"C3","line_195",24,37,4,19,4,"M_C3_7-4_195"
"C3","line_195",23,35,1,8,5,"M_C3_7-5_195"
"C3","line_195",13,8,4,11,6,"M_C3_7-6_195"
"C2","line_208",46,34,13,16,7,"M_C2_3-1_208"
"C2","line_208",84,89,34,36,7,"M_C2_3-2_208"
"C2","line_208",42,106,8,28,2,"M_C2_3-3_208"
"C2","line_208",65,82,4,28,3,"M_C2_3-4_208"
"C2","line_208",42,74,12,5,7,"M_C2_3-5_208"
"C2","line_208",74,55,22,3,5,"M_C2_3-6_208"
"C1","line_217",106,114,63,74,6,"M_C1_5-1_217"
"C1","line_217",49,83,135,109,7,"M_C1_5-2_217"
"C1","line_217",73,72,36,11,8,"M_C1_5-3_217"
"C1","line_217",32,128,13,4,6,"M_C1_5-4_217"
"C1","line_217",71,104,49,15,9,"M_C1_5-5_217"
"C1","line_217",44,151,20,41,10,"M_C1_5-6_217"
"C2","line_228",140,15,7,1,4,"M_C2_4-1_228"
"C2","line_228",109,0,54,0,9,"M_C2_4-2_228"
"C2","line_228",35,110,21,0,2,"M_C2_4-3_228"
"C2","line_228",138,90,62,0,3,"M_C2_4-4_228"
"C2","line_228",105,39,73,4,6,"M_C2_4-5_228"
"C2","line_228",63,78,33,16,7,"M_C2_4-6_228"
"C1","line_229",74,56,72,19,8,"M_C1_10-1_229"
"C1","line_229",59,37,102,10,7,"M_C1_10-2_229"
"C1","line_229",84,92,59,7,8,"M_C1_10-3_229"
"C1","line_229",69,146,42,30,10,"M_C1_10-4_229"
"C1","line_229",89,33,30,16,8,"M_C1_10-5_229"
"C1","line_229",76,52,48,60,9,"M_C1_10-6_229"
"C2","line_235",31,65,11,0,6,"M_C2_5-1_235"
"C2","line_235",54,48,17,35,3,"M_C2_5-2_235"
"C2","line_235",90,66,32,21,6,"M_C2_5-3_235"
"C2","line_235",39,90,35,66,4,"M_C2_5-4_235"
"C2","line_235",81,87,34,21,6,"M_C2_5-5_235"
"C2","line_235",48,82,37,56,7,"M_C2_5-6_235"
"C2","line_237",58,51,2,23,8,"M_C2_6-1_237"
"C2","line_237",48,43,13,3,6,"M_C2_6-2_237"
"C2","line_237",104,18,45,0,8,"M_C2_6-3_237"
"C2","line_237",107,51,37,27,6,"M_C2_6-4_237"
"C2","line_237",79,87,102,10,5,"M_C2_6-5_237"
"C2","line_237",19,74,133,43,7,"M_C2_6-6_237"
"C2","line_239",84,26,50,0,6,"M_C2_7-1_239"
"C2","line_239",118,50,47,1,7,"M_C2_7-2_239"
"C2","line_239",111,46,57,0,5,"M_C2_7-3_239"
"C2","line_239",108,47,10,1,6,"M_C2_7-4_239"
"C2","line_239",116,37,2,0,8,"M_C2_7-5_239"
"C2","line_239",66,35,36,1,9,"M_C2_7-6_239"
"C1","line_280",41,86,0,0,7,"M_C1_6-1_280"
"C1","line_280",54,41,33,0,9,"M_C1_6-2_280"
"C1","line_280",52,101,95,32,8,"M_C1_6-3_280"
"C1","line_280",59,70,31,5,8,"M_C1_6-4_280"
"C1","line_280",94,47,15,13,10,"M_C1_6-5_280"
"C1","line_280",155,87,71,11,9,"M_C1_6-6_280"
"C2","line_301",57,48,90,0,8,"M_C2_8-1_301"
"C2","line_301",7,58,42,14,7,"M_C2_8-2_301"
"C2","line_301",33,54,2,0,8,"M_C2_8-3_301"
"C2","line_301",25,109,16,2,9,"M_C2_8-4_301"
"C2","line_301",35,55,22,11,9,"M_C2_8-5_301"
"C2","line_301",32,80,74,52,8,"M_C2_8-6_301"
"B3","line_303",19,64,7,5,7,"M_B3_17-1_303"
"B3","line_303",125,44,0,0,5,"M_B3_17-2_303"
"B3","line_303",50,24,14,0,9,"M_B3_17-3_303"
"B3","line_303",52,27,42,1,6,"M_B3_17-4_303"
"B3","line_303",48,36,10,1,4,"M_B3_17-5_303"
"B3","line_303",23,24,14,9,7,"M_B3_17-6_303"
"C2","line_306",101,19,90,0,5,"M_C2_9-1_306"
"C2","line_306",100,45,42,2,7,"M_C2_9-2_306"
"C2","line_306",101,64,2,0,7,"M_C2_9-3_306"
"C2","line_306",141,10,16,16,7,"M_C2_9-4_306"
"C2","line_306",107,14,22,2,7,"M_C2_9-5_306"
"C2","line_306",70,31,11,26,6,"M_C2_9-6_306"
"C1","line_307",52,123,6,0,5,"M_C1_7-1_307"
"C1","line_307",24,80,102,4,8,"M_C1_7-2_307"
"C1","line_307",98,123,63,12,10,"M_C1_7-3_307"
"C1","line_307",5,91,82,6,9,"M_C1_7-4_307"
"C1","line_307",48,115,32,30,8,"M_C1_7-5_307"
"C1","line_307",24,110,4,6,9,"M_C1_7-6_307"
"C2","line_313",61,48,56,0,4,"M_C2_10-1_313"
"C2","line_313",45,86,3,21,4,"M_C2_10-2_313"
"C2","line_313",68,69,12,125,3,"M_C2_10-3_313"
"C2","line_313",75,37,5,23,4,"M_C2_10-4_313"
"C2","line_313",85,79,11,37,6,"M_C2_10-5_313"
"C2","line_313",51,54,166,56,8,"M_C2_10-6_313"
"B3","line_320",37,97,1,0,4,"M_B3_18-1_320"
"B3","line_320",27,56,9,0,6,"M_B3_18-2_320"
"B3","line_320",57,95,2,0,4,"M_B3_18-3_320"
"B3","line_320",56,29,28,1,7,"M_B3_18-4_320"
"B3","line_320",30,67,0,0,4,"M_B3_18-5_320"
"B3","line_320",27,16,72,30,7,"M_B3_18-6_320"
"A3","line_321",48,38,0,0,2,"M_A3_2-1_321"
"A3","line_321",32,42,24,0,4,"M_A3_2-2_321"
"A3","line_321",49,37,35,20,4,"M_A3_2-3_321"
"A3","line_321",33,43,80,10,6,"M_A3_2-4_321"
"A3","line_321",44,25,53,26,8,"M_A3_2-5_321"
"A3","line_321",131,23,101,5,5,"M_A3_2-6_321"
"C2","line_324",43,72,19,9,5,"M_C2_11-1_324"
"C2","line_324",72,58,33,8,6,"M_C2_11-2_324"
"C2","line_324",27,104,4,26,2,"M_C2_11-3_324"
"C2","line_324",35,69,44,35,4,"M_C2_11-4_324"
"C2","line_324",42,58,8,35,7,"M_C2_11-5_324"
"C2","line_324",39,55,21,139,5,"M_C2_11-6_324"
"A4","line_332",31,4,9,3,7,"M_A4_3-1_332"
"A4","line_332",52,21,0,2,9,"M_A4_3-2_332"
"A4","line_332",17,24,8,4,8,"M_A4_3-3_332"
"A4","line_332",31,9,0,0,10,"M_A4_3-4_332"
"A4","line_332",18,20,0,0,9,"M_A4_3-5_332"
"A4","line_332",7,4,3,0,8,"M_A4_3-6_332"
"A3","line_338",24,50,7,10,9,"M_A3_3-1_338"
"A3","line_338",22,17,77,25,9,"M_A3_3-2_338"
"A3","line_338",39,27,4,23,9,"M_A3_3-3_338"
"A3","line_338",25,33,43,7,8,"M_A3_3-4_338"
"A3","line_338",48,50,0,28,6,"M_A3_3-5_338"
"A3","line_338",35,47,38,3,5,"M_A3_3-6_338"
"A3","line_350",58,53,12,1,5,"M_A3_4-1_350"
"A3","line_350",32,56,44,0,3,"M_A3_4-2_350"
"A3","line_350",44,43,3,10,2,"M_A3_4-3_350"
"A3","line_350",32,54,47,23,8,"M_A3_4-4_350"
"A3","line_350",59,13,17,13,2,"M_A3_4-5_350"
"A3","line_350",54,40,28,36,4,"M_A3_4-6_350"
"B1","line_352",12,146,1,37,9,"M_B1_R-1_352"
"B1","line_352",16,34,20,46,9,"M_B1_R-2_352"
"B1","line_352",3,18,47,116,14,"M_B1_R-3_352"
"B1","line_352",6,43,83,5,9,"M_B1_R-4_352"
"B1","line_352",9,59,64,8,11,"M_B1_R-5_352"
"B1","line_352",2,57,94,20,10,"M_B1_R-6_352"
"C1","line_352",29,150,41,14,8,"M_C1_R-1_352"
"C1","line_352",79,41,90,2,9,"M_C1_R-2_352"
"C1","line_352",39,118,19,28,9,"M_C1_R-3_352"
"C1","line_352",8,191,36,46,8,"M_C1_R-4_352"
"C1","line_352",19,188,22,53,9,"M_C1_R-5_352"
"C1","line_352",34,99,15,44,10,"M_C1_R-6_352"
"A2","line_352",62,116,3,25,5,"M_A2_R-1_352"
"A2","line_352",8,123,4,124,6,"M_A2_R-2_352"
"A2","line_352",31,171,51,47,4,"M_A2_R-3_352"
"A2","line_352",45,42,82,80,5,"M_A2_R-4_352"
"A2","line_352",43,146,3,135,0,"M_A2_R-5_352"
"A2","line_352",44,64,5,34,2,"M_A2_R-6_352"
"B2","line_352",65,94,112,97,8,"M_B2_R-1_352"
"B2","line_352",41,117,139,61,7,"M_B2_R-2_352"
"B2","line_352",89,77,81,59,6,"M_B2_R-3_352"
"B2","line_352",85,105,134,61,6,"M_B2_R-4_352"
"B2","line_352",70,103,102,55,5,"M_B2_R-5_352"
"B2","line_352",109,93,77,50,6,"M_B2_R-6_352"
"C2","line_352",64,71,40,1,5,"M_C2_R-1_352"
"C2","line_352",61,35,71,0,7,"M_C2_R-2_352"
"C2","line_352",79,40,4,1,4,"M_C2_R-3_352"
"C2","line_352",82,50,50,0,4,"M_C2_R-4_352"
"C2","line_352",21,70,39,3,5,"M_C2_R-5_352"
"C2","line_352",37,53,114,8,6,"M_C2_R-6_352"
"A3","line_352",57,33,23,0,5,"M_A3_R-1_352"
"A3","line_352",53,50,36,36,5,"M_A3_R-2_352"
"A3","line_352",76,14,50,0,5,"M_A3_R-3_352"
"A3","line_352",43,28,40,0,7,"M_A3_R-4_352"
"A3","line_352",41,50,52,39,6,"M_A3_R-5_352"
"A3","line_352",50,53,3,2,0,"M_A3_R-6_352"
"B3","line_352",39,40,1,0,6,"M_B3_R-1_352"
"B3","line_352",42,52,0,0,4,"M_B3_12-2_352"
"B3","line_352",18,18,0,0,6,"M_B3_12-3_352"
"B3","line_352",45,45,16,2,6,"M_B3_12-4_352"
"B3","line_352",64,64,50,0,7,"M_B3_12-5_352"
"B3","line_352",66,66,6,6,5,"M_B3_12-6_352"
"C3","line_352",14,41,7,0,5,"M_C3_R-1_352"
"C3","line_352",4,21,21,0,1,"M_C3_R-2_352"
"C3","line_352",20,23,18,0,5,"M_C3_R-3_352"
"C3","line_352",5,28,4,1,7,"M_C3_R-4_352"
"C3","line_352",20,43,0,0,6,"M_C3_R-5_352"
"C3","line_352",13,28,4,7,7,"M_C3_R-6_352"
"A4","line_352",21,17,14,4,9,"M_A4_R-1_352"
"A4","line_352",10,17,32,0,7,"M_A4_R-2_352"
"A4","line_352",8,48,20,6,5,"M_A4_R-3_352"
"A4","line_352",25,44,13,3,8,"M_A4_R-4_352"
"A4","line_352",2,62,12,0,8,"M_A4_R-5_352"
"A4","line_352",23,51,25,0,8,"M_A4_R-6_352"
"C3","line_356",32,19,4,0,2,"M_C3_2-1_356"
"C3","line_356",33,35,9,15,6,"M_C3_2-2_356"
"C3","line_356",50,27,0,1,6,"M_C3_2-3_356"
"C3","line_356",15,15,0,50,0,"M_C3_2-4_356"
"C3","line_356",14,16,4,0,5,"M_C3_2-5_356"
"C3","line_356",42,35,0,0,4,"M_C3_2-6_356"
"A4","line_357",31,38,50,0,5,"M_A4_2-1_357"
"A4","line_357",36,20,0,1,6,"M_A4_2-2_357"
"A4","line_357",24,37,1,1,8,"M_A4_2-3_357"
"A4","line_357",37,26,5,1,7,"M_A4_2-4_357"
"A4","line_357",6,1,19,0,6,"M_A4_2-5_357"
"A4","line_357",19,4,0,0,9,"M_A4_2-6_357"
"A2","line_360",105,76,96,97,10,"M_A2_2-1_360"
"A2","line_360",146,9,89,80,7,"M_A2_2-2_360"
"A2","line_360",51,46,50,0,7,"M_A2_2-3_360"
"A2","line_360",77,64,50,0,7,"M_A2_2-4_360"
"A2","line_360",82,71,101,78,7,"M_A2_2-5_360"
"A2","line_360",56,68,152,85,7,"M_A2_2-6_360"
"A2","line_361",81,75,44,105,8,"M_A2_3-1_361"
"A2","line_361",159,38,48,109,8,"M_A2_3-2_361"
"A2","line_361",28,52,28,110,2,"M_A2_3-3_361"
"A2","line_361",46,27,50,0,7,"M_A2_3-4_361"
"A2","line_361",23,115,52,98,9,"M_A2_3-5_361"
"A2","line_361",24,26,66,128,8,"M_A2_3-6_361"
"B3","line_361",60,31,1,0,4,"M_B3_16-1_361"
"B3","line_361",60,12,0,0,5,"M_B3_16-2_361"
"B3","line_361",45,26,0,1,9,"M_B3_16-3_361"
"B3","line_361",61,50,3,0,6,"M_B3_16-4_361"
"B3","line_361",60,18,11,0,5,"M_B3_16-5_361"
"B3","line_361",28,32,40,21,7,"M_B3_16-6_361"
"A4","line_362",0,17,16,11,8,"M_A4_4-1_362"
"A4","line_362",0,42,13,6,4,"M_A4_4-2_362"
"A4","line_362",9,7,7,19,9,"M_A4_4-3_362"
"A4","line_362",8,41,12,0,8,"M_A4_4-4_362"
"A4","line_362",9,22,3,1,8,"M_A4_4-5_362"
"A4","line_362",19,9,5,17,9,"M_A4_4-6_362"
"A3","line_367",71,4,41,0,7,"M_A3_5-1_367"
"A3","line_367",81,20,20,0,4,"M_A3_5-2_367"
"A3","line_367",95,14,41,0,3,"M_A3_5-3_367"
"A3","line_367",38,17,47,6,6,"M_A3_5-4_367"
"A3","line_367",79,16,34,0,7,"M_A3_5-5_367"
"A3","line_367",32,9,22,13,7,"M_A3_5-6_367"
"A2","line_370",24,157,71,140,5,"M_A2_4-1_370"
"A2","line_370",59,120,50,0,7,"M_A2_4-2_370"
"A2","line_370",0,4,66,39,6,"M_A2_4-3_370"
"A2","line_370",30,74,20,71,3,"M_A2_4-4_370"
"A2","line_370",84,99,94,118,7,"M_A2_4-5_370"
"A2","line_370",77,129,50,0,6,"M_A2_4-6_370"
"A4","line_371",5,24,0,0,4,"M_A4_10-1_371"
"A4","line_371",13,31,2,0,9,"M_A4_10-2_371"
"A4","line_371",7,25,8,0,7,"M_A4_10-3_371"
"A4","line_371",2,22,2,2,7,"M_A4_10-4_371"
"A4","line_371",11,66,3,1,9,"M_A4_10-5_371"
"A4","line_371",2,17,0,0,3,"M_A4_10-6_371"
"C2","line_373",49,61,0,0,5,"M_C2_12-1_373"
"C2","line_373",93,40,0,3,5,"M_C2_12-2_373"
"C2","line_373",115,27,42,0,6,"M_C2_12-3_373"
"C2","line_373",105,74,76,2,6,"M_C2_12-4_373"
"C2","line_373",78,28,12,0,6,"M_C2_12-5_373"
"C2","line_373",73,28,81,6,4,"M_C2_12-6_373"
"C2","line_375",69,33,7,1,6,"M_C2_13-1_375"
"C2","line_375",81,93,0,0,7,"M_C2_13-2_375"
"C2","line_375",80,66,5,2,3,"M_C2_13-3_375"
"C2","line_375",73,75,41,7,6,"M_C2_13-4_375"
"C2","line_375",71,81,87,51,5,"M_C2_13-5_375"
"C2","line_375",26,83,21,44,8,"M_C2_13-6_375"
"C3","line_379",30,25,30,1,6,"M_C3_3-1_379"
"C3","line_379",47,41,5,0,6,"M_C3_3-2_379"
"C3","line_379",20,16,0,3,4,"M_C3_3-3_379"
"C3","line_379",13,42,1,6,8,"M_C3_3-4_379"
"C3","line_379",10,37,0,5,8,"M_C3_3-5_379"
"C3","line_379",17,26,1,18,10,"M_C3_3-6_379"
"A2","line_380",64,42,58,128,9,"M_A2_5-1_380"
"A2","line_380",65,73,86,51,7,"M_A2_5-2_380"
"A2","line_380",22,120,45,145,9,"M_A2_5-3_380"
"A2","line_380",54,100,26,100,8,"M_A2_5-4_380"
"A2","line_380",16,120,47,121,5,"M_A2_5-5_380"
"A2","line_380",62,54,113,167,9,"M_A2_5-6_380"
"B3","line_382",54,42,0,0,6,"M_B3_13-1_382"
"B3","line_382",28,47,4,0,4,"M_B3_13-2_382"
"B3","line_382",51,43,4,14,6,"M_B3_13-3_382"
"B3","line_382",25,27,6,1,7,"M_B3_13-4_382"
"B3","line_382",43,40,0,2,7,"M_B3_13-5_382"
"B3","line_382",69,33,3,16,4,"M_B3_13-6_382"
"A4","line_383",39,28,29,12,10,"M_A4_11-1_383"
"A4","line_383",43,48,50,0,9,"M_A4_11-2_383"
"A4","line_383",7,30,26,32,8,"M_A4_11-3_383"
"A4","line_383",19,14,10,5,8,"M_A4_11-4_383"
"A4","line_383",9,24,30,3,7,"M_A4_11-5_383"
"A4","line_383",6,36,28,2,8,"M_A4_11-6_383"
"A2","line_385",106,73,50,0,5,"M_A2_6-1_385"
"A2","line_385",79,79,140,44,4,"M_A2_6-2_385"
"A2","line_385",88,74,122,37,6,"M_A2_6-3_385"
"A2","line_385",77,73,51,76,6,"M_A2_6-4_385"
"A2","line_385",99,58,50,0,1,"M_A2_6-5_385"
"A2","line_385",88,33,71,97,6,"M_A2_6-6_385"
"A2","line_391",139,41,99,51,8,"M_A2_7-1_391"
"A2","line_391",67,42,50,0,7,"M_A2_7-2_391"
"A2","line_391",126,75,125,57,9,"M_A2_7-3_391"
"A2","line_391",81,83,96,46,4,"M_A2_7-4_391"
"A2","line_391",16,37,48,105,6,"M_A2_7-5_391"
"A2","line_391",104,97,11,55,6,"M_A2_7-6_391"
"C3","line_392",53,43,9,0,8,"M_C3_8-1_392"
"C3","line_392",28,11,10,0,3,"M_C3_8-2_392"
"C3","line_392",42,17,1,8,4,"M_C3_8-3_392"
"C3","line_392",6,29,0,0,6,"M_C3_8-4_392"
"C3","line_392",5,68,8,3,9,"M_C3_8-5_392"
"C3","line_392",26,10,50,0,6,"M_C3_8-6_392"
"A4","line_395",28,72,7,16,10,"M_A4_7-1_395"
"A4","line_395",0,69,11,15,7,"M_A4_7-2_395"
"A4","line_395",6,16,6,3,8,"M_A4_7-3_395"
"A4","line_395",33,53,7,18,4,"M_A4_7-4_395"
"A4","line_395",50,39,6,10,9,"M_A4_7-5_395"
"A4","line_395",17,32,1,4,8,"M_A4_7-6_395"
"C2","line_399",42,88,32,3,7,"M_C2_15-1_399"
"C2","line_399",34,75,7,9,3,"M_C2_15-2_399"
"C2","line_399",56,48,50,0,6,"M_C2_15-3_399"
"C2","line_399",59,34,50,0,7,"M_C2_15-4_399"
"C2","line_399",84,48,160,8,7,"M_C2_15-5_399"
"C2","line_399",55,75,58,20,8,"M_C2_15-6_399"
"C1","line_405",21,126,74,33,6,"M_C1_8-1_405"
"C1","line_405",93,135,90,9,8,"M_C1_8-2_405"
"C1","line_405",21,123,0,0,9,"M_C1_8-3_405"
"C1","line_405",19,94,8,6,9,"M_C1_8-4_405"
"C1","line_405",24,107,75,19,8,"M_C1_8-5_405"
"C1","line_405",58,137,16,44,10,"M_C1_8-6_405"
"C2","line_406",61,52,0,0,3,"M_C2_16-1_406"
"C2","line_406",72,30,0,0,5,"M_C2_16-2_406"
"C2","line_406",69,24,50,0,6,"M_C2_16-3_406"
"C2","line_406",78,17,50,0,8,"M_C2_16-4_406"
"C2","line_406",125,34,39,19,7,"M_C2_16-5_406"
"C2","line_406",83,20,46,6,7,"M_C2_16-6_406"
"B2","line_427",200,0,50,0,5,"M_B2_2-1_427"
"B2","line_427",68,117,74,5,4,"M_B2_2-2_427"
"B2","line_427",125,40,58,54,4,"M_B2_2-3_427"
"B2","line_427",44,138,57,74,7,"M_B2_2-4_427"
"B2","line_427",74,82,96,65,5,"M_B2_2-5_427"
"B2","line_427",97,72,75,67,7,"M_B2_2-6_427"
"A3","line_437",85,17,50,0,5,"M_A3_6-1_437"
"A3","line_437",22,45,36,6,6,"M_A3_6-2_437"
"A3","line_437",52,73,29,18,5,"M_A3_6-3_437"
"A3","line_437",66,59,41,27,3,"M_A3_6-4_437"
"A3","line_437",38,48,0,46,3,"M_A3_6-5_437"
"A3","line_437",84,12,46,0,4,"M_A3_6-6_437"
"A4","line_439",22,57,1,0,4,"M_A4_8-1_439"
"A4","line_439",9,15,1,0,1,"M_A4_8-2_439"
"A4","line_439",33,10,0,0,9,"M_A4_8-3_439"
"A4","line_439",5,33,0,0,7,"M_A4_8-4_439"
"A4","line_439",16,17,3,1,7,"M_A4_8-5_439"
"A4","line_439",16,13,27,0,10,"M_A4_8-6_439"
"C1","line_440",27,164,34,58,8,"M_C1_11-1_440"
"C1","line_440",19,83,100,50,8,"M_C1_11-2_440"
"C1","line_440",41,137,49,69,9,"M_C1_11-3_440"
"C1","line_440",36,176,46,39,10,"M_C1_11-4_440"
"C1","line_440",44,124,13,131,6,"M_C1_11-5_440"
"C1","line_440",36,156,9,95,8,"M_C1_11-6_440"
"C2","line_441",15,135,20,29,9,"M_C2_17-1_441"
"C2","line_441",29,33,50,48,6,"M_C2_17-2_441"
"C2","line_441",27,103,11,39,3,"M_C2_17-3_441"
"C2","line_441",58,47,18,3,8,"M_C2_17-4_441"
"C2","line_441",63,71,49,89,7,"M_C2_17-5_441"
"C2","line_441",31,35,95,44,8,"M_C2_17-6_441"
"A3","line_443",49,63,0,6,1,"M_A3_7-1_443"
"A3","line_443",69,60,78,6,6,"M_A3_7-2_443"
"A3","line_443",53,56,3,15,3,"M_A3_7-3_443"
"A3","line_443",61,38,50,0,6,"M_A3_7-4_443"
"A3","line_443",60,37,65,3,5,"M_A3_7-5_443"
"A3","line_443",34,37,6,15,3,"M_A3_7-6_443"
"C1","line_486",42,117,31,77,9,"M_C1_9-1_486"
"C1","line_486",53,84,8,59,8,"M_C1_9-2_486"
"C1","line_486",21,101,37,20,10,"M_C1_9-3_486"
"C1","line_486",39,63,11,44,8,"M_C1_9-4_486"
"C1","line_486",2,104,1,31,8,"M_C1_9-5_486"
"C1","line_486",15,231,4,36,7,"M_C1_9-6_486"
"A2","line_491",61,108,25,99,2,"M_A2_9-1_491"
"A2","line_491",24,57,76,108,1,"M_A2_9-2_491"
"A2","line_491",83,103,4,188,4,"M_A2_9-3_491"
"A2","line_491",0,0,4,153,3,"M_A2_9-4_491"
"A2","line_491",73,117,28,151,6,"M_A2_9-5_491"
"A2","line_491",77,83,24,182,8,"M_A2_9-6_491"
"A3","line_502",20,73,12,5,4,"M_A3_8-1_502"
"A3","line_502",58,53,23,48,5,"M_A3_8-2_502"
"A3","line_502",60,49,37,30,3,"M_A3_8-3_502"
"A3","line_502",48,57,0,0,4,"M_A3_8-4_502"
"A3","line_502",102,40,4,9,3,"M_A3_8-5_502"
"A3","line_502",86,61,12,47,2,"M_A3_8-6_502"
"C2","line_509",62,11,20,0,6,"M_C2_18-1_509"
"C2","line_509",63,45,32,2,5,"M_C2_18-2_509"
"C2","line_509",68,35,2,2,6,"M_C2_18-3_509"
"C2","line_509",47,15,89,6,8,"M_C2_18-4_509"
"C2","line_509",50,15,14,24,8,"M_C2_18-5_509"
"C2","line_509",76,31,63,27,8,"M_C2_18-6_509"
"B2","line_513",141,55,152,36,7,"M_B2_4-1_513"
"B2","line_513",116,51,124,26,9,"M_B2_4-2_513"
"B2","line_513",99,29,142,48,4,"M_B2_4-3_513"
"B2","line_513",97,22,53,27,8,"M_B2_4-4_513"
"B2","line_513",98,72,50,0,5,"M_B2_4-5_513"
"B2","line_513",98,91,42,21,8,"M_B2_4-6_513"
"B3","line_517",40,45,0,0,9,"M_B3_17-1_517"
"B3","line_517",39,42,50,0,6,"M_B3_17-2_517"
"B3","line_517",28,70,1,0,9,"M_B3_17-3_517"
"B3","line_517",62,19,50,0,8,"M_B3_17-4_517"
"B3","line_517",35,61,50,0,8,"M_B3_17-5_517"
"B3","line_517",48,30,4,0,4,"M_B3_17-6_517"
"C3","line_530",22,16,5,0,5,"M_C3_10-1_530"
"C3","line_530",9,17,50,12,5,"M_C3_10-2_530"
"C3","line_530",33,27,12,0,7,"M_C3_10-3_530"
"C3","line_530",21,18,50,0,2,"M_C3_10-4_530"
"C3","line_530",9,37,17,7,5,"M_C3_10-5_530"
"C3","line_530",17,11,7,6,8,"M_C3_10-6_530"
"B2","line_531",44,114,69,100,6,"M_B2_5-1_531"
"B2","line_531",124,131,11,15,1,"M_B2_5-2_531"
"B2","line_531",87,124,102,69,10,"M_B2_5-3_531"
"B2","line_531",63,88,53,124,9,"M_B2_5-4_531"
"B2","line_531",63,87,74,53,9,"M_B2_5-5_531"
"B2","line_531",49,116,31,40,9,"M_B2_5-6_531"
"A2","line_535",12,120,5,63,4,"M_A2_10-1_535"
"A2","line_535",10,114,0,31,2,"M_A2_10-2_535"
"A2","line_535",33,68,7,168,7,"M_A2_10-3_535"
"A2","line_535",NA,NA,84,139,2,"M_A2_10-4_535"
"A2","line_535",33,55,63,75,2,"M_A2_10-5_535"
"A2","line_535",65,32,32,23,4,"M_A2_10-6_535"
"B2","line_584",106,79,98,15,7,"M_B2_6-1_584"
"B2","line_584",69,65,103,40,8,"M_B2_6-2_584"
"B2","line_584",54,101,88,59,4,"M_B2_6-3_584"
"B2","line_584",28,52,60,24,8,"M_B2_6-4_584"
"B2","line_584",26,112,74,16,9,"M_B2_6-5_584"
"B2","line_584",65,91,126,61,10,"M_B2_6-6_584"
"C3","line_589",24,26,0,3,5,"M_C3_11-1_589"
"C3","line_589",39,43,8,5,5,"M_C3_11-2_589"
"C3","line_589",41,8,7,3,7,"M_C3_11-3_589"
"C3","line_589",15,32,20,18,6,"M_C3_11-4_589"
"C3","line_589",9,27,4,17,8,"M_C3_11-5_589"
"C3","line_589",16,22,19,0,6,"M_C3_11-6_589"
"C3","line_596",34,26,13,2,9,"M_C3_12-1_596"
"C3","line_596",22,20,25,8,9,"M_C3_12-2_596"
"C3","line_596",33,15,4,9,5,"M_C3_12-3_596"
"C3","line_596",11,22,5,0,6,"M_C3_12-4_596"
"C3","line_596",30,34,14,6,6,"M_C3_12-5_596"
"C3","line_596",15,16,8,1,8,"M_C3_12-6_596"
"B1","line_703",18,51,84,2,9,"M_B1_7-1_703"
"B1","line_703",56,39,58,6,13,"M_B1_Late emergents 7-2_703"
"B1","line_703",33,70,7,0,12,"M_B1_7-3_703"
"B1","line_703",87,64,50,0,9,"M_B1_7-4_703"
"B1","line_703",45,33,40,8,12,"M_B1_7-5_703"
"B1","line_703",44,11,43,15,13,"M_B1_7-6_703"
"A4","line_705",17,31,8,5,10,"M_A4_9-1_705"
"A4","line_705",35,41,2,2,8,"M_A4_9-2_705"
"A4","line_705",25,21,4,2,8,"M_A4_9-3_705"
"A4","line_705",19,27,0,0,4,"M_A4_9-4_705"
"A4","line_705",15,30,1,0,8,"M_A4_9-5_705"
"A4","line_705",25,27,4,2,8,"M_A4_9-6_705"
"A3","line_707",25,42,12,76,7,"M_A3_9-1_707"
"A3","line_707",39,95,18,7,4,"M_A3_9-2_707"
"A3","line_707",51,49,11,0,5,"M_A3_9-3_707"
"A3","line_707",55,25,58,12,6,"M_A3_9-4_707"
"A3","line_707",39,29,67,0,5,"M_A3_9-5_707"
"A3","line_707",48,41,34,3,5,"M_A3_9-6_707"
"B2","line_712",17,136,88,74,8,"M_B2_7-1_712"
"B2","line_712",13,138,60,42,4,"M_B2_7-2_712"
"B2","line_712",33,112,64,60,9,"M_B2_7-3_712"
"B2","line_712",30,83,6,2,5,"M_B2_7-4_712"
"B2","line_712",26,111,25,54,7,"M_B2_7-5_712"
"B2","line_712",45,126,42,50,6,"M_B2_7-6_712"
"B2","line_716",114,70,149,41,7,"M_B2_8-1_716"
"B2","line_716",71,55,135,50,7,"M_B2_8-2_716"
"B2","line_716",91,83,91,31,8,"M_B2_8-3_716"
"B2","line_716",63,130,44,74,9,"M_B2_8-4_716"
"B2","line_716",70,110,73,63,8,"M_B2_8-5_716"
"B2","line_716",79,130,96,34,6,"M_B2_8-6_716"
"B3","line_721",44,53,11,0,4,"M_B3_19-1_721"
"B3","line_721",22,31,12,0,10,"M_B3_19-2_721"
"B3","line_721",25,29,17,4,9,"M_B3_19-3_721"
"B3","line_721",24,59,12,2,6,"M_B3_19-4_721"
"B3","line_721",22,19,0,0,5,"M_B3_19-5_721"
"B3","line_721",21,22,3,0,8,"M_B3_19-6_721"
"B1","line_732",0,87,20,82,12,"M_B1_1-1_732"
"B1","line_732",37,138,28,79,12,"M_B1_1-2_732"
"B1","line_732",14,110,2,28,11,"M_B1_1-3_732"
"B1","line_732",3,194,60,53,12,"M_B1_1-4_732"
"B1","line_732",9,87,22,30,10,"M_B1_1-5_732"
"B1","line_732",5,228,37,9,13,"M_B1_1-6_732"
"B3","line_738",14,70,23,4,4,"M_B3_21-1_738"
"B3","line_738",13,101,1,3,3,"M_B3_21-2_738"
"B3","line_738",6,47,0,3,5,"M_B3_21-3_738"
"B3","line_738",11,34,0,2,5,"M_B3_21-4_738"
"B3","line_738",20,17,7,0,5,"M_B3_21-5_738"
"B3","line_738",29,64,38,21,3,"M_B3_21-6_738"
"C3","line_748",26,31,15,0,6,"M_C3_13-1_748"
"C3","line_748",29,33,4,23,7,"M_C3_13-2_748"
"C3","line_748",18,15,7,25,1,"M_C3_13-3_748"
"C3","line_748",9,42,8,2,6,"M_C3_13-4_748"
"C3","line_748",11,27,6,11,NA,"M_C3_13-5_748"
"C3","line_748",4,23,14,16,2,"M_C3_13-6_748"
"B2","line_757",76,118,136,18,7,"M_B2_9-1_757"
"B2","line_757",103,58,24,23,8,"M_B2_9-2_757"
"B2","line_757",150,83,98,100,8,"M_B2_9-3_757"
"B2","line_757",121,33,60,54,9,"M_B2_9-4_757"
"B2","line_757",136,40,95,59,9,"M_B2_9-5_757"
"B2","line_757",142,68,84,44,8,"M_B2_9-6_757"
"B2","line_761",90,99,53,51,4,"M_B2_10-1_761"
"B2","line_761",18,53,71,129,8,"M_B2_10-2_761"
"B2","line_761",62,102,75,109,7,"M_B2_10-3_761"
"B2","line_761",17,81,37,61,5,"M_B2_10-4_761"
"B2","line_761",NA,NA,50,0,0,"M_B2_10-5_761"
"B2","line_761",50,97,111,33,8,"M_B2_10-6_761"
"B1","line_765",36,160,64,0,5,"M_B1_4-1_765"
"B1","line_765",76,131,60,13,8,"M_B1_4-2_765"
"B1","line_765",3,53,11,0,9,"M_B1_4-3_765"
"B1","line_765",35,21,41,0,10,"M_B1_4-4_765"
"B1","line_765",16,142,1,0,4,"M_B1_4-5_765"
"B1","line_765",93,60,43,12,9,"M_B1_4-6_765"
"B3","line_776",68,24,50,0,7,"M_B3_22-1_776"
"B3","line_776",44,45,50,0,4,"M_B3_22-2_776"
"B3","line_776",25,31,1,0,9,"M_B3_22-3_776"
"B3","line_776",20,26,5,0,8,"M_B3_22-4_776"
"B3","line_776",21,19,50,0,4,"M_B3_22-5_776"
"B3","line_776",46,12,9,2,9,"M_B3_22-6_776"
"B1","line_783",9,177,37,23,13,"M_B1_3-1_783"
"B1","line_783",15,88,16,83,14,"M_B1_3-2_783"
"B1","line_783",2,127,36,55,15,"M_B1_3-3_783"
"B1","line_783",5,103,32,4,13,"M_B1_3-4_783"
"B1","line_783",261,17,83,0,12,"M_B1_3-5_783"
"B1","line_783",84,77,42,76,10,"M_B1_3-6_783"
"B1","line_787",1,126,21,93,13,"M_B1_6-1_787"
"B1","line_787",70,259,92,7,9,"M_B1_6-2_787"
"B1","line_787",61,212,20,22,9,"M_B1_6-3_787"
"B1","line_787",6,21,117,0,11,"M_B1_6-4_787"
"B1","line_787",43,174,57,0,11,"M_B1_6-5_787"
"B1","line_787",21,113,126,71,11,"M_B1_6-6_787"
"C3","line_790",25,23,0,0,6,"M_C3_14-1_790"
"C3","line_790",23,28,19,0,8,"M_C3_14-2_790"
"C3","line_790",51,30,12,0,8,"M_C3_14-3_790"
"C3","line_790",3,6,17,0,5,"M_C3_14-4_790"
"C3","line_790",32,31,19,6,9,"M_C3_14-5_790"
"C3","line_790",20,8,1,8,6,"M_C3_14-6_790"
"B3","line_796",39,46,19,0,9,"M_B3_20-1_796"
"B3","line_796",50,19,4,10,6,"M_B3_20-2_796"
"B3","line_796",27,53,4,5,5,"M_B3_20-3_796"
"B3","line_796",67,91,10,13,7,"M_B3_20-4_796"
"B3","line_796",44,27,19,1,7,"M_B3_20-5_796"
"B3","line_796",31,34,48,12,4,"M_B3_20-6_796"
"C3","line_801",26,12,3,11,3,"M_C3_5-1_801"
"C3","line_801",18,18,9,7,7,"M_C3_5-2_801"
"C3","line_801",23,21,0,13,5,"M_C3_5-3_801"
"C3","line_801",19,36,5,3,7,"M_C3_5-4_801"
"C3","line_801",30,29,3,0,8,"M_C3_5-5_801"
"C3","line_801",30,14,31,2,4,"M_C3_5-6_801"
"B1","line_802",22,92,28,94,7,"M_B1_5-1_802"
"B1","line_802",17,67,56,81,13,"M_B1_5-2_802"
"B1","line_802",5,19,36,106,15,"M_B1_5-3_802"
"B1","line_802",10,67,37,76,11,"M_B1_5-4_802"
"B1","line_802",7,92,56,61,11,"M_B1_5-5_802"
"B1","line_802",8,88,29,45,10,"M_B1_5-6_802"
"C3","line_804",35,20,50,0,8,"M_C3_6-1_804"
"C3","line_804",40,24,0,0,5,"M_C3_6-2_804"
"C3","line_804",22,10,1,5,9,"M_C3_6-3_804"
"C3","line_804",13,33,50,0,6,"M_C3_6-4_804"
"C3","line_804",35,18,15,0,5,"M_C3_6-5_804"
"C3","line_804",13,16,0,0,7,"M_C3_6-6_804"
"B3","line_805",18,63,0,3,8,"M_B3_19-1_805"
"B3","line_805",17,85,0,6,3,"M_B3_19-2_805"
"B3","line_805",62,60,6,2,5,"M_B3_19-3_805"
"B3","line_805",35,31,17,4,9,"M_B3_19-4_805"
"B3","line_805",33,47,20,8,6,"M_B3_19-5_805"
"B3","line_805",30,41,26,3,1,"M_B3_19-6_805"
"B1","line_808",55,105,40,57,11,"M_B1_2-1_808"
"B1","line_808",6,55,57,60,9,"M_B1_2-2_808"
"B1","line_808",46,73,58,15,14,"M_B1_2-3_808"
"B1","line_808",98,187,8,19,12,"M_B1_2-4_808"
"B1","line_808",10,12,53,90,11,"M_B1_2-5_808"
"B1","line_808",4,20,43,66,13,"M_B1_2-6_808"
"B3","line_810",51,39,21,8,7,"M_B3_14-1_810"
"B3","line_810",48,32,18,31,9,"M_B3_14-2_810"
"B3","line_810",31,48,7,5,9,"M_B3_14-3_810"
"B3","line_810",47,39,0,0,2,"M_B3_14-4_810"
"B3","line_810",13,29,0,9,6,"M_B3_14-5_810"
"B3","line_810",29,13,12,31,8,"M_B3_14-6_810"
"C3","line_820",6,2,52,0,7,"M_C3_15-1_820"
"C3","line_820",38,26,1,9,7,"M_C3_15-2_820"
"C3","line_820",14,17,68,12,7,"M_C3_15-3_820"
"C3","line_820",7,11,17,0,8,"M_C3_15-4_820"
"C3","line_820",7,35,3,18,8,"M_C3_15-5_820"
"C3","line_820",11,32,3,6,6,"M_C3_15-6_820"
"B3","line_821",52,20,19,37,4,"M_B3_20-1_821"
"B3","line_821",105,21,29,0,3,"M_B3_20-2_821"
"B3","line_821",82,18,6,0,4,"M_B3_20-3_821"
"B3","line_821",34,27,0,0,4,"M_B3_20-4_821"
"B3","line_821",52,24,19,2,5,"M_B3_20-5_821"
"B3","line_821",41,24,30,1,4,"M_B3_20-6_821"
"A4","line_832",40,19,1,0,8,"M_A4_6-1_832"
"A4","line_832",14,12,50,0,10,"M_A4_6-2_832"
"A4","line_832",33,6,5,0,5,"M_A4_6-3_832"
"A4","line_832",12,25,2,0,8,"M_A4_6-4_832"
"A4","line_832",54,5,1,0,4,"M_A4_6-5_832"
"A4","line_832",33,25,0,0,8,"M_A4_6-6_832"
"B2","line_837",0,200,50,0,2,"M_B2_11-1_837"
"B2","line_837",89,0,50,0,1,"M_B2_11-2_837"
"B2","line_837",144,53,71,53,6,"M_B2_11-3_837"
"B2","line_837",120,54,56,44,7,"M_B2_11-4_837"
"B2","line_837",107,23,100,29,6,"M_B2_11-5_837"
"B2","line_837",133,38,89,51,4,"M_B2_11-6_837"
"B2","line_843",175,72,128,31,10,"M_B2_12-1_843"
"B2","line_843",62,41,78,71,9,"M_B2_12-2_843"
"B2","line_843",117,91,70,63,6,"M_B2_12-3_843"
"B2","line_843",81,49,35,37,5,"M_B2_12-4_843"
"B2","line_843",117,57,38,37,2,"M_B2_12-5_843"
"B2","line_843",86,46,79,39,9,"M_B2_12-6_843"
"C3","line_850",12,3,2,1,6,"M_C3_16-1_850"
"C3","line_850",17,7,22,8,9,"M_C3_16-2_850"
"C3","line_850",7,7,1,5,7,"M_C3_16-3_850"
"C3","line_850",3,22,0,0,7,"M_C3_16-4_850"
"C3","line_850",3,14,0,0,9,"M_C3_16-5_850"
"C3","line_850",3,4,21,10,5,"M_C3_16-6_850"
"B3","line_852",45,38,46,0,9,"M_B3_16-1_852"
"B3","line_852",31,52,0,0,8,"M_B3_16-2_852"
"B3","line_852",66,21,0,1,8,"M_B3_16-3_852"
"B3","line_852",42,17,3,0,9,"M_B3_16-4_852"
"B3","line_852",36,29,16,0,8,"M_B3_16-5_852"
"B3","line_852",62,18,24,23,7,"M_B3_16-6_852"
"B2","line_853",67,68,174,54,8,"M_B2_13-1_853"
"B2","line_853",114,77,58,37,5,"M_B2_13-2_853"
"B2","line_853",56,112,65,100,5,"M_B2_13-3_853"
"B2","line_853",53,88,25,15,8,"M_B2_13-4_853"
"B2","line_853",103,64,61,22,9,"M_B2_13-5_853"
"B2","line_853",116,36,62,22,5,"M_B2_13-6_853"
"B3","line_859",14,51,17,0,6,"M_B3_18-1_859"
"B3","line_859",42,62,1,0,5,"M_B3_18-2_859"
"B3","line_859",42,65,12,0,5,"M_B3_18-3_859"
"B3","line_859",26,53,0,0,6,"M_B3_18-4_859"
"B3","line_859",52,43,3,1,2,"M_B3_18-5_859"
"B3","line_859",30,18,2,1,4,"M_B3_18-6_859"
"B2","line_879",106,53,193,74,7,"M_B2_14-1_879"
"B2","line_879",111,46,118,23,7,"M_B2_14-2_879"
"B2","line_879",176,56,52,50,6,"M_B2_14-3_879"
"B2","line_879",131,45,75,22,9,"M_B2_14-4_879"
"B2","line_879",174,86,81,64,7,"M_B2_14-5_879"
"B2","line_879",129,68,42,19,6,"M_B2_14-6_879"
"B1","line_882",4,77,4,32,12,"M_B1_8-1_882"
"B1","line_882",27,55,0,2,10,"M_B1_8-2_882"
"B1","line_882",6,115,0,0,9,"M_B1_8-3_882"
"B1","line_882",4,149,7,1,10,"M_B1_8-4_882"
"B1","line_882",143,53,9,0,7,"M_B1_8-5_882"
"B1","line_882",85,82,47,12,14,"M_B1_8-6_882"
"B3","line_882",59,27,0,0,4,"M_B3_14-1_882"
"B3","line_882",37,9,0,0,5,"M_B3_14-2_882"
"B3","line_882",76,40,79,0,8,"M_B3_14-3_882"
"B3","line_882",64,6,9,0,6,"M_B3_14-4_882"
"B3","line_882",19,15,1,0,4,"M_B3_14-5_882"
"B3","line_882",44,24,3,0,2,"M_B3_14-6_882"
"B3","line_897",29,57,72,0,6,"M_B3_15-1_897"
"B3","line_897",41,63,0,0,7,"M_B3_15-2_897"
"B3","line_897",45,36,4,1,6,"M_B3_15-3_897"
"B3","line_897",24,42,50,0,3,"M_B3_15-4_897"
"B3","line_897",29,26,50,0,4,"M_B3_15-5_897"
"B3","line_897",17,28,6,1,8,"M_B3_15-6_897"
"C3","line_900",33,21,3,29,7,"M_C3_17-1_900"
"C3","line_900",5,7,6,22,5,"M_C3_17-2_900"
"C3","line_900",10,11,0,12,10,"M_C3_17-3_900"
"C3","line_900",4,12,29,7,7,"M_C3_17-4_900"
"C3","line_900",4,47,7,11,7,"M_C3_17-5_900"
"C3","line_900",8,25,0,1,7,"M_C3_17-6_900"
"B2","line_907",92,83,137,27,10,"M_B2_16-1_907"
"B2","line_907",123,79,201,49,8,"M_B2_16-2_907"
"B2","line_907",111,75,89,63,7,"M_B2_16-3_907"
"B2","line_907",106,70,36,15,8,"M_B2_16-4_907"
"B2","line_907",91,95,83,31,7,"M_B2_16-5_907"
"B2","line_907",134,135,107,57,7,"M_B2_16-6_907"
"B3","line_908",12,73,25,0,6,"M_B3_21-1_908"
"B3","line_908",36,70,13,0,5,"M_B3_21-2_908"
"B3","line_908",30,36,0,0,6,"M_B3_21-3_908"
"B3","line_908",16,56,2,0,5,"M_B3_21-4_908"
"B3","line_908",26,25,2,0,7,"M_B3_21-5_908"
"B3","line_908",23,13,3,0,6,"M_B3_21-6_908"
"B2","line_913",94,108,60,88,5,"M_B2_17-1_913"
"B2","line_913",48,148,91,101,6,"M_B2_17-2_913"
"B2","line_913",101,115,19,53,8,"M_B2_17-3_913"
"B2","line_913",48,130,69,82,9,"M_B2_17-4_913"
"B2","line_913",26,148,65,66,7,"M_B2_17-5_913"
"B2","line_913",32,108,38,38,10,"M_B2_17-6_913"
